post_id,user_id,timestamp,likes,shares,comments,label,text
1,103,2023-01-01 00:00:00,33.0,5.0,4.0,Legitimate,Studies show water quality impacts health.
2,271,2023-01-01 01:00:00,31.0,5.0,-1.0,Legitimate,Rainwater harvesting gains popularity in Uganda.
3,107,2023-01-01 02:00:00,32.0,3.0,,Legitimate,Clean water access has improved in rural Kenya.
4,72,2023-01-01 03:00:00,27.0,5.0,4.0,Legitimate,Local programs claim sanitation success.
5,189,2023-01-01 04:00:00,25.0,0.0,3.0,Legitimate,Experts debate the safety of boiling water.
6,21,2023-01-01 05:00:00,32.0,6.0,2.0,Legitimate,
7,103,2023-01-01 06:00:00,28.0,5.0,4.0,Legitimate,More East African homes now use filtration.
8,122,2023-01-01 07:00:00,26.0,7.0,2.0,Misinformation,Boiled water increases blood acidity.
9,215,2023-01-01 08:00:00,29.0,4.0,,Legitimate,UNICEF supports safe water projects in Ethiopia.
10,88,2023-01-01 09:00:00,35.0,3.0,4.0,Legitimate,Safe sanitation is key to public health.
11,100,2023-01-01 10:00:00,17.0,13.0,3.0,Misinformation,Studies show water quality impacts health.
12,152,2023-01-01 11:00:00,,9.0,5.0,Legitimate,New WHO guidelines promote water boiling.
13,131,2023-01-01 12:00:00,23.0,20.0,3.0,Misinformation,Drinking bottled water causes kidney failure.
14,150,2023-01-01 13:00:00,,6.0,7.0,Legitimate,Proper handwashing reduces cholera outbreaks.
15,258,2023-01-01 14:00:00,16.0,16.0,2.0,Misinformation,Drinking bottled water causes kidney failure.
16,294,2023-01-01 15:00:00,17.0,15.0,8.0,Misinformation,Natural spring water prevents COVID-19.
17,192,2023-01-01 16:00:00,19.0,10.0,1.0,Misinformation,
18,277,2023-01-01 17:00:00,30.0,6.0,1.0,Legitimate,Safe sanitation is key to public health.
19,161,2023-01-01 18:00:00,32.0,2.0,4.0,Legitimate,Water kiosks now serve clean water in Nairobi.
20,22,2023-01-01 19:00:00,22.0,4.0,,Legitimate,Solar disinfection of water proves effective.
21,253,2023-01-01 20:00:00,35.0,9.0,6.0,Legitimate,
22,236,2023-01-01 21:00:00,18.0,14.0,0.0,Misinformation,Government hides real dangers of hand sanitizers.
23,49,2023-01-01 22:00:00,31.0,3.0,-2.0,Legitimate,Local programs claim sanitation success.
24,59,2023-01-01 23:00:00,35.0,,2.0,Legitimate,
25,170,2023-01-02 00:00:00,31.0,,2.0,Legitimate,NGOs distribute water purification tablets.
26,188,2023-01-02 01:00:00,24.0,,1.0,Legitimate,Rainwater harvesting gains popularity in Uganda.
27,271,2023-01-02 02:00:00,19.0,16.0,4.0,Misinformation,Natural spring water prevents COVID-19.
28,190,2023-01-02 03:00:00,24.0,10.0,4.0,Misinformation,Government hides real dangers of hand sanitizers.
29,175,2023-01-02 04:00:00,27.0,4.0,3.0,Legitimate,Public toilets improve hygiene in Kampala.
30,51,2023-01-02 05:00:00,28.0,5.0,5.0,Legitimate,Safe sanitation is key to public health.
31,55,2023-01-02 06:00:00,30.0,1.0,6.0,Legitimate,Local programs claim sanitation success.
32,244,2023-01-02 07:00:00,27.0,2.0,2.0,Legitimate,New WHO guidelines promote water boiling.
33,131,2023-01-02 08:00:00,14.0,10.0,3.0,Misinformation,Chlorinated water is a government mind control tactic.
34,135,2023-01-02 09:00:00,26.0,17.0,1.0,Misinformation,Natural spring water prevents COVID-19.
35,21,2023-01-02 10:00:00,28.0,6.0,0.0,Legitimate,Rainwater harvesting gains popularity in Uganda.
36,167,2023-01-02 11:00:00,30.0,4.0,0.0,Legitimate,Experts debate the safety of boiling water.
37,274,2023-01-02 12:00:00,25.0,2.0,2.0,Legitimate,Experts debate the safety of boiling water.
38,89,2023-01-02 13:00:00,28.0,5.0,4.0,Legitimate,Solar disinfection of water proves effective.
39,14,2023-01-02 14:00:00,24.0,2.0,4.0,Legitimate,Proper handwashing reduces cholera outbreaks.
40,242,2023-01-02 15:00:00,22.0,5.0,2.0,Legitimate,Mobile apps now report safe borehole locations.
41,265,2023-01-02 16:00:00,23.0,3.0,1.0,Legitimate,Sanitation drives are working in rural areas.
42,53,2023-01-02 17:00:00,35.0,3.0,8.0,Legitimate,Water kiosks now serve clean water in Nairobi.
43,92,2023-01-02 18:00:00,26.0,1.0,7.0,Legitimate,East African communities adopt water filtration.
44,264,2023-01-02 19:00:00,27.0,14.0,1.0,Misinformation,Boiled water increases blood acidity.
45,35,2023-01-02 20:00:00,20.0,8.0,2.0,Misinformation,Western NGOs poison wells to reduce population.
46,206,2023-01-02 21:00:00,27.0,8.0,5.0,Legitimate,Solar disinfection of water proves effective.
47,81,2023-01-02 22:00:00,29.0,6.0,-1.0,Legitimate,East African communities adopt water filtration.
48,50,2023-01-02 23:00:00,23.0,-1.0,2.0,Legitimate,Local programs claim sanitation success.
49,2,2023-01-03 00:00:00,34.0,5.0,0.0,Legitimate,Clean water access has improved in rural Kenya.
50,54,2023-01-03 01:00:00,34.0,2.0,3.0,Legitimate,New WHO guidelines promote water boiling.
51,106,2023-01-03 02:00:00,19.0,7.0,6.0,Misinformation,Western NGOs poison wells to reduce population.
52,260,2023-01-03 03:00:00,29.0,0.0,1.0,Legitimate,Solar disinfection of water proves effective.
53,191,2023-01-03 04:00:00,24.0,7.0,4.0,Legitimate,Water kiosks now serve clean water in Nairobi.
54,218,2023-01-03 05:00:00,32.0,5.0,3.0,Legitimate,Studies show water quality impacts health.
55,44,2023-01-03 06:00:00,,10.0,3.0,Misinformation,Boiling water damages your organs.
56,162,2023-01-03 07:00:00,27.0,10.0,2.0,Misinformation,Boiled water increases blood acidity.
57,202,2023-01-03 08:00:00,22.0,9.0,3.0,Legitimate,Mobile apps now report safe borehole locations.
58,270,2023-01-03 09:00:00,31.0,4.0,3.0,Legitimate,UNICEF supports safe water projects in Ethiopia.
59,271,2023-01-03 10:00:00,30.0,3.0,7.0,Legitimate,Studies show water quality impacts health.
60,215,2023-01-03 11:00:00,30.0,5.0,1.0,Legitimate,Safe sanitation is key to public health.
61,252,2023-01-03 12:00:00,38.0,2.0,0.0,Legitimate,New WHO guidelines promote water boiling.
62,190,2023-01-03 13:00:00,22.0,,5.0,Legitimate,Clean water access has improved in rural Kenya.
63,296,2023-01-03 14:00:00,37.0,8.0,0.0,Legitimate,NGOs distribute water purification tablets.
64,213,2023-01-03 15:00:00,36.0,-1.0,5.0,Legitimate,More East African homes now use filtration.
65,208,2023-01-03 16:00:00,39.0,6.0,2.0,Legitimate,East African communities adopt water filtration.
66,237,2023-01-03 17:00:00,14.0,11.0,6.0,Misinformation,"Sanitizer causes infertility, experts say."
67,53,2023-01-03 18:00:00,22.0,2.0,2.0,Legitimate,More East African homes now use filtration.
68,280,2023-01-03 19:00:00,24.0,4.0,3.0,Legitimate,Mobile apps now report safe borehole locations.
69,217,2023-01-03 20:00:00,30.0,10.0,1.0,Legitimate,Clean water access has improved in rural Kenya.
70,252,2023-01-03 21:00:00,21.0,,4.0,Legitimate,NGOs distribute water purification tablets.
71,188,2023-01-03 22:00:00,34.0,2.0,3.0,Legitimate,Rainwater harvesting gains popularity in Uganda.
72,41,2023-01-03 23:00:00,28.0,3.0,3.0,Legitimate,Local programs claim sanitation success.
73,157,2023-01-04 00:00:00,31.0,0.0,3.0,Legitimate,
74,15,2023-01-04 01:00:00,29.0,9.0,5.0,Legitimate,Local programs claim sanitation success.
75,65,2023-01-04 02:00:00,35.0,2.0,,Legitimate,East African communities adopt water filtration.
76,9,2023-01-04 03:00:00,39.0,4.0,3.0,Legitimate,Sanitation drives are working in rural areas.
77,129,2023-01-04 04:00:00,24.0,16.0,,Misinformation,"Sanitizer causes infertility, experts say."
78,136,2023-01-04 05:00:00,32.0,3.0,4.0,Legitimate,UNICEF supports safe water projects in Ethiopia.
79,63,2023-01-04 06:00:00,35.0,6.0,3.0,Legitimate,Proper handwashing reduces cholera outbreaks.
80,139,2023-01-04 07:00:00,27.0,7.0,2.0,Legitimate,Solar disinfection of water proves effective.
81,81,2023-01-04 08:00:00,14.0,12.0,7.0,Misinformation,Government hides real dangers of hand sanitizers.
82,163,2023-01-04 09:00:00,26.0,3.0,0.0,Legitimate,More East African homes now use filtration.
83,289,2023-01-04 10:00:00,21.0,12.0,2.0,Misinformation,Chlorinated water is a government mind control tactic.
84,261,2023-01-04 11:00:00,6.0,11.0,0.0,Misinformation,Drinking bottled water causes kidney failure.
85,231,2023-01-04 12:00:00,32.0,2.0,1.0,Legitimate,
86,41,2023-01-04 13:00:00,36.0,5.0,3.0,Legitimate,Rainwater harvesting gains popularity in Uganda.
87,28,2023-01-04 14:00:00,27.0,10.0,1.0,Legitimate,
88,135,2023-01-04 15:00:00,31.0,15.0,0.0,Misinformation,Experts debate the safety of boiling water.
89,201,2023-01-04 16:00:00,27.0,8.0,1.0,Legitimate,Experts debate the safety of boiling water.
90,268,2023-01-04 17:00:00,37.0,5.0,7.0,Legitimate,Local programs claim sanitation success.
91,33,2023-01-04 18:00:00,32.0,-3.0,3.0,Legitimate,Safe sanitation is key to public health.
92,48,2023-01-04 19:00:00,23.0,8.0,1.0,Legitimate,Proper handwashing reduces cholera outbreaks.
93,62,2023-01-04 20:00:00,21.0,7.0,6.0,Legitimate,Sanitation drives are working in rural areas.
94,216,2023-01-04 21:00:00,36.0,2.0,3.0,Legitimate,Sanitation drives are working in rural areas.
95,293,2023-01-04 22:00:00,31.0,4.0,,Legitimate,Proper handwashing reduces cholera outbreaks.
96,99,2023-01-04 23:00:00,33.0,6.0,3.0,Legitimate,
97,172,2023-01-05 00:00:00,36.0,-1.0,1.0,Legitimate,Public toilets improve hygiene in Kampala.
98,214,2023-01-05 01:00:00,15.0,,4.0,Misinformation,Face masks cause water contamination when washed.
99,35,2023-01-05 02:00:00,27.0,7.0,1.0,Legitimate,Experts debate the safety of boiling water.
100,227,2023-01-05 03:00:00,9.0,11.0,4.0,Misinformation,Boiling water damages your organs.
101,101,2023-01-05 04:00:00,28.0,0.0,5.0,Legitimate,
102,131,2023-01-05 05:00:00,35.0,4.0,5.0,Legitimate,Clean water access has improved in rural Kenya.
103,257,2023-01-05 06:00:00,16.0,16.0,4.0,Misinformation,Using soap daily can cause skin cancer.
104,5,2023-01-05 07:00:00,25.0,7.0,0.0,Legitimate,East African communities adopt water filtration.
105,218,2023-01-05 08:00:00,25.0,10.0,0.0,Misinformation,Filtered water removes essential nutrients.
106,255,2023-01-05 09:00:00,7.0,10.0,,Misinformation,Local programs claim sanitation success.
107,283,2023-01-05 10:00:00,32.0,3.0,1.0,Legitimate,Clean water access has improved in rural Kenya.
108,207,2023-01-05 11:00:00,30.0,7.0,,Legitimate,
109,15,2023-01-05 12:00:00,28.0,5.0,2.0,Legitimate,Studies show water quality impacts health.
110,42,2023-01-05 13:00:00,35.0,3.0,7.0,Legitimate,Rainwater harvesting gains popularity in Uganda.
111,179,2023-01-05 14:00:00,34.0,4.0,2.0,Legitimate,Sanitation drives are working in rural areas.
112,63,2023-01-05 15:00:00,31.0,,3.0,Legitimate,Solar disinfection of water proves effective.
113,231,2023-01-05 16:00:00,32.0,6.0,4.0,Legitimate,New WHO guidelines promote water boiling.
114,241,2023-01-05 17:00:00,34.0,10.0,4.0,Legitimate,Solar disinfection of water proves effective.
115,52,2023-01-05 18:00:00,17.0,12.0,-2.0,Misinformation,Face masks cause water contamination when washed.
116,96,2023-01-05 19:00:00,19.0,12.0,4.0,Misinformation,Boiled water increases blood acidity.
117,222,2023-01-05 20:00:00,31.0,3.0,-2.0,Legitimate,Sanitation drives are working in rural areas.
118,231,2023-01-05 21:00:00,28.0,9.0,2.0,Misinformation,Vaccines in water are used to track people.
119,237,2023-01-05 22:00:00,30.0,12.0,4.0,Legitimate,Experts debate the safety of boiling water.
120,143,2023-01-05 23:00:00,29.0,5.0,3.0,Legitimate,Experts debate the safety of boiling water.
121,171,2023-01-06 00:00:00,33.0,-1.0,4.0,Legitimate,Experts debate the safety of boiling water.
122,29,2023-01-06 01:00:00,,2.0,4.0,Legitimate,
123,36,2023-01-06 02:00:00,28.0,2.0,3.0,Legitimate,More East African homes now use filtration.
124,13,2023-01-06 03:00:00,24.0,10.0,3.0,Misinformation,Rainwater is safer than treated tap water.
125,160,2023-01-06 04:00:00,26.0,10.0,5.0,Misinformation,
126,187,2023-01-06 05:00:00,38.0,5.0,1.0,Legitimate,Local programs claim sanitation success.
127,243,2023-01-06 06:00:00,19.0,11.0,0.0,Misinformation,Chlorinated water is a government mind control tactic.
128,86,2023-01-06 07:00:00,27.0,9.0,6.0,Legitimate,Rainwater harvesting gains popularity in Uganda.
129,284,2023-01-06 08:00:00,25.0,7.0,4.0,Legitimate,Experts debate the safety of boiling water.
130,66,2023-01-06 09:00:00,20.0,12.0,5.0,Misinformation,Western NGOs poison wells to reduce population.
131,170,2023-01-06 10:00:00,36.0,2.0,7.0,Legitimate,More East African homes now use filtration.
132,45,2023-01-06 11:00:00,25.0,2.0,5.0,Legitimate,Safe sanitation is key to public health.
133,62,2023-01-06 12:00:00,29.0,4.0,2.0,Legitimate,Mobile apps now report safe borehole locations.
134,134,2023-01-06 13:00:00,28.0,6.0,6.0,Legitimate,Solar disinfection of water proves effective.
135,284,2023-01-06 14:00:00,21.0,5.0,4.0,Legitimate,NGOs distribute water purification tablets.
136,28,2023-01-06 15:00:00,32.0,3.0,6.0,Legitimate,Local programs claim sanitation success.
137,108,2023-01-06 16:00:00,26.0,,1.0,Legitimate,
138,44,2023-01-06 17:00:00,29.0,7.0,6.0,Legitimate,Clean water access has improved in rural Kenya.
139,286,2023-01-06 18:00:00,43.0,11.0,3.0,Legitimate,
140,128,2023-01-06 19:00:00,24.0,2.0,0.0,Legitimate,Safe sanitation is key to public health.
141,231,2023-01-06 20:00:00,20.0,13.0,6.0,Misinformation,Government hides real dangers of hand sanitizers.
142,190,2023-01-06 21:00:00,33.0,-1.0,3.0,Legitimate,Rainwater harvesting gains popularity in Uganda.
143,225,2023-01-06 22:00:00,37.0,5.0,4.0,Legitimate,New WHO guidelines promote water boiling.
144,283,2023-01-06 23:00:00,29.0,10.0,4.0,Legitimate,NGOs distribute water purification tablets.
145,121,2023-01-07 00:00:00,29.0,3.0,2.0,Legitimate,More East African homes now use filtration.
146,116,2023-01-07 01:00:00,33.0,2.0,5.0,Legitimate,
147,233,2023-01-07 02:00:00,42.0,5.0,1.0,Legitimate,NGOs distribute water purification tablets.
148,259,2023-01-07 03:00:00,22.0,11.0,2.0,Misinformation,Boiling water damages your organs.
149,198,2023-01-07 04:00:00,23.0,4.0,1.0,Legitimate,East African communities adopt water filtration.
150,137,2023-01-07 05:00:00,40.0,,4.0,Legitimate,Clean water access has improved in rural Kenya.
151,165,2023-01-07 06:00:00,33.0,6.0,2.0,Legitimate,East African communities adopt water filtration.
152,225,2023-01-07 07:00:00,25.0,5.0,-2.0,Legitimate,Proper handwashing reduces cholera outbreaks.
153,234,2023-01-07 08:00:00,32.0,7.0,1.0,Legitimate,Proper handwashing reduces cholera outbreaks.
154,172,2023-01-07 09:00:00,30.0,,1.0,Legitimate,Safe sanitation is key to public health.
155,152,2023-01-07 10:00:00,6.0,12.0,3.0,Misinformation,Filtered water removes essential nutrients.
156,160,2023-01-07 11:00:00,24.0,5.0,3.0,Legitimate,Experts debate the safety of boiling water.
157,96,2023-01-07 12:00:00,18.0,16.0,5.0,Misinformation,
158,233,2023-01-07 13:00:00,27.0,7.0,0.0,Legitimate,Safe sanitation is key to public health.
159,180,2023-01-07 14:00:00,34.0,5.0,4.0,Legitimate,
160,113,2023-01-07 15:00:00,34.0,6.0,0.0,Legitimate,East African communities adopt water filtration.
161,52,2023-01-07 16:00:00,25.0,2.0,3.0,Legitimate,Safe sanitation is key to public health.
162,268,2023-01-07 17:00:00,13.0,12.0,0.0,Misinformation,Face masks cause water contamination when washed.
163,295,2023-01-07 18:00:00,33.0,3.0,1.0,Legitimate,UNICEF supports safe water projects in Ethiopia.
164,113,2023-01-07 19:00:00,33.0,9.0,5.0,Legitimate,Clean water access has improved in rural Kenya.
165,101,2023-01-07 20:00:00,21.0,14.0,1.0,Misinformation,
166,113,2023-01-07 21:00:00,10.0,9.0,3.0,Misinformation,Tap water linked to reduced IQ.
167,81,2023-01-07 22:00:00,9.0,11.0,2.0,Misinformation,Government hides real dangers of hand sanitizers.
168,187,2023-01-07 23:00:00,17.0,9.0,4.0,Misinformation,Tap water linked to reduced IQ.
169,113,2023-01-08 00:00:00,34.0,2.0,0.0,Legitimate,Experts debate the safety of boiling water.
170,2,2023-01-08 01:00:00,24.0,9.0,3.0,Misinformation,Experts debate the safety of boiling water.
171,130,2023-01-08 02:00:00,28.0,4.0,6.0,Legitimate,Proper handwashing reduces cholera outbreaks.
172,220,2023-01-08 03:00:00,,10.0,0.0,Misinformation,Boiling water damages your organs.
173,54,2023-01-08 04:00:00,21.0,11.0,2.0,Misinformation,Boiled water increases blood acidity.
174,224,2023-01-08 05:00:00,25.0,3.0,5.0,Legitimate,UNICEF supports safe water projects in Ethiopia.
175,225,2023-01-08 06:00:00,22.0,14.0,3.0,Misinformation,Tap water linked to reduced IQ.
176,126,2023-01-08 07:00:00,31.0,2.0,4.0,Legitimate,Rainwater harvesting gains popularity in Uganda.
177,130,2023-01-08 08:00:00,27.0,6.0,6.0,Legitimate,New WHO guidelines promote water boiling.
178,53,2023-01-08 09:00:00,20.0,3.0,5.0,Legitimate,Studies show water quality impacts health.
179,172,2023-01-08 10:00:00,17.0,14.0,0.0,Misinformation,Drinking bottled water causes kidney failure.
180,218,2023-01-08 11:00:00,37.0,8.0,2.0,Legitimate,UNICEF supports safe water projects in Ethiopia.
181,160,2023-01-08 12:00:00,23.0,6.0,-1.0,Legitimate,Rainwater harvesting gains popularity in Uganda.
182,198,2023-01-08 13:00:00,35.0,5.0,5.0,Legitimate,Clean water access has improved in rural Kenya.
183,247,2023-01-08 14:00:00,24.0,11.0,2.0,Misinformation,Experts debate the safety of boiling water.
184,203,2023-01-08 15:00:00,28.0,3.0,-2.0,Legitimate,Rainwater harvesting gains popularity in Uganda.
185,184,2023-01-08 16:00:00,10.0,9.0,3.0,Misinformation,Face masks cause water contamination when washed.
186,123,2023-01-08 17:00:00,12.0,,3.0,Misinformation,Chlorinated water is a government mind control tactic.
187,255,2023-01-08 18:00:00,34.0,6.0,-1.0,Legitimate,Proper handwashing reduces cholera outbreaks.
188,294,2023-01-08 19:00:00,26.0,3.0,2.0,Legitimate,Safe sanitation is key to public health.
189,280,2023-01-08 20:00:00,28.0,17.0,5.0,Misinformation,Filtered water removes essential nutrients.
190,98,2023-01-08 21:00:00,23.0,11.0,-2.0,Misinformation,Rainwater is safer than treated tap water.
191,198,2023-01-08 22:00:00,18.0,7.0,8.0,Misinformation,Boiled water increases blood acidity.
192,240,2023-01-08 23:00:00,33.0,,,Legitimate,Studies show water quality impacts health.
193,144,2023-01-09 00:00:00,21.0,10.0,5.0,Misinformation,Filtered water removes essential nutrients.
194,97,2023-01-09 01:00:00,41.0,,1.0,Legitimate,Safe sanitation is key to public health.
195,201,2023-01-09 02:00:00,31.0,6.0,7.0,Legitimate,
196,124,2023-01-09 03:00:00,26.0,9.0,4.0,Misinformation,Government hides real dangers of hand sanitizers.
197,187,2023-01-09 04:00:00,,2.0,2.0,Legitimate,Mobile apps now report safe borehole locations.
198,259,2023-01-09 05:00:00,38.0,8.0,2.0,Misinformation,Rainwater is safer than treated tap water.
199,148,2023-01-09 06:00:00,36.0,2.0,10.0,Legitimate,Proper handwashing reduces cholera outbreaks.
200,252,2023-01-09 07:00:00,17.0,9.0,2.0,Misinformation,Western NGOs poison wells to reduce population.
201,147,2023-01-09 08:00:00,26.0,7.0,4.0,Legitimate,
202,148,2023-01-09 09:00:00,26.0,2.0,3.0,Legitimate,Proper handwashing reduces cholera outbreaks.
203,199,2023-01-09 10:00:00,30.0,13.0,2.0,Misinformation,Local programs claim sanitation success.
204,128,2023-01-09 11:00:00,31.0,9.0,1.0,Legitimate,Mobile apps now report safe borehole locations.
205,39,2023-01-09 12:00:00,31.0,6.0,6.0,Legitimate,Clean water access has improved in rural Kenya.
206,129,2023-01-09 13:00:00,34.0,13.0,1.0,Misinformation,Vaccines in water are used to track people.
207,267,2023-01-09 14:00:00,30.0,1.0,4.0,Legitimate,UNICEF supports safe water projects in Ethiopia.
208,151,2023-01-09 15:00:00,13.0,18.0,4.0,Misinformation,Vaccines in water are used to track people.
209,298,2023-01-09 16:00:00,28.0,2.0,2.0,Legitimate,Proper handwashing reduces cholera outbreaks.
210,99,2023-01-09 17:00:00,26.0,7.0,2.0,Legitimate,Solar disinfection of water proves effective.
211,263,2023-01-09 18:00:00,20.0,14.0,4.0,Misinformation,"Sanitizer causes infertility, experts say."
212,252,2023-01-09 19:00:00,26.0,3.0,1.0,Legitimate,NGOs distribute water purification tablets.
213,144,2023-01-09 20:00:00,35.0,7.0,0.0,Legitimate,Studies show water quality impacts health.
214,112,2023-01-09 21:00:00,34.0,3.0,1.0,Legitimate,Proper handwashing reduces cholera outbreaks.
215,60,2023-01-09 22:00:00,20.0,13.0,2.0,Misinformation,Drinking bottled water causes kidney failure.
216,2,2023-01-09 23:00:00,31.0,6.0,5.0,Legitimate,Water kiosks now serve clean water in Nairobi.
217,254,2023-01-10 00:00:00,29.0,9.0,0.0,Legitimate,More East African homes now use filtration.
218,140,2023-01-10 01:00:00,20.0,4.0,,Legitimate,New WHO guidelines promote water boiling.
219,37,2023-01-10 02:00:00,26.0,3.0,2.0,Legitimate,NGOs distribute water purification tablets.
220,160,2023-01-10 03:00:00,27.0,1.0,,Legitimate,Mobile apps now report safe borehole locations.
221,9,2023-01-10 04:00:00,21.0,9.0,7.0,Legitimate,
222,233,2023-01-10 05:00:00,31.0,4.0,2.0,Legitimate,Rainwater harvesting gains popularity in Uganda.
223,99,2023-01-10 06:00:00,26.0,4.0,-1.0,Legitimate,Rainwater harvesting gains popularity in Uganda.
224,147,2023-01-10 07:00:00,24.0,,,Legitimate,East African communities adopt water filtration.
225,208,2023-01-10 08:00:00,28.0,4.0,6.0,Legitimate,
226,131,2023-01-10 09:00:00,27.0,0.0,1.0,Legitimate,Sanitation drives are working in rural areas.
227,152,2023-01-10 10:00:00,36.0,11.0,4.0,Misinformation,Local programs claim sanitation success.
228,54,2023-01-10 11:00:00,35.0,4.0,3.0,Legitimate,Proper handwashing reduces cholera outbreaks.
229,120,2023-01-10 12:00:00,32.0,2.0,1.0,Legitimate,Solar disinfection of water proves effective.
230,161,2023-01-10 13:00:00,36.0,3.0,3.0,Legitimate,Rainwater harvesting gains popularity in Uganda.
231,116,2023-01-10 14:00:00,26.0,5.0,2.0,Legitimate,Studies show water quality impacts health.
232,75,2023-01-10 15:00:00,26.0,12.0,3.0,Misinformation,Boiling water damages your organs.
233,113,2023-01-10 16:00:00,22.0,17.0,2.0,Misinformation,Chlorinated water is a government mind control tactic.
234,104,2023-01-10 17:00:00,22.0,3.0,7.0,Legitimate,More East African homes now use filtration.
235,254,2023-01-10 18:00:00,25.0,2.0,0.0,Legitimate,Rainwater harvesting gains popularity in Uganda.
236,227,2023-01-10 19:00:00,21.0,5.0,,Legitimate,Clean water access has improved in rural Kenya.
237,112,2023-01-10 20:00:00,35.0,3.0,1.0,Legitimate,Water kiosks now serve clean water in Nairobi.
238,99,2023-01-10 21:00:00,22.0,11.0,-1.0,Misinformation,Boiled water increases blood acidity.
239,153,2023-01-10 22:00:00,27.0,3.0,1.0,Legitimate,Water kiosks now serve clean water in Nairobi.
240,194,2023-01-10 23:00:00,31.0,4.0,4.0,Legitimate,More East African homes now use filtration.
241,163,2023-01-11 00:00:00,38.0,4.0,3.0,Legitimate,Water kiosks now serve clean water in Nairobi.
242,208,2023-01-11 01:00:00,22.0,11.0,3.0,Misinformation,Soap brands contain microchips for surveillance.
243,169,2023-01-11 02:00:00,33.0,9.0,2.0,Legitimate,Rainwater harvesting gains popularity in Uganda.
244,161,2023-01-11 03:00:00,17.0,11.0,4.0,Misinformation,Filtered water removes essential nutrients.
245,68,2023-01-11 04:00:00,26.0,4.0,,Legitimate,More East African homes now use filtration.
246,289,2023-01-11 05:00:00,23.0,5.0,4.0,Legitimate,Rainwater harvesting gains popularity in Uganda.
247,277,2023-01-11 06:00:00,15.0,13.0,4.0,Misinformation,Local programs claim sanitation success.
248,135,2023-01-11 07:00:00,21.0,3.0,3.0,Legitimate,Rainwater harvesting gains popularity in Uganda.
249,195,2023-01-11 08:00:00,31.0,6.0,4.0,Legitimate,Mobile apps now report safe borehole locations.
250,128,2023-01-11 09:00:00,33.0,5.0,1.0,Legitimate,Local programs claim sanitation success.
251,33,2023-01-11 10:00:00,27.0,2.0,2.0,Legitimate,Rainwater harvesting gains popularity in Uganda.
252,176,2023-01-11 11:00:00,28.0,4.0,7.0,Legitimate,East African communities adopt water filtration.
253,22,2023-01-11 12:00:00,18.0,13.0,3.0,Misinformation,Local programs claim sanitation success.
254,238,2023-01-11 13:00:00,30.0,1.0,5.0,Legitimate,Mobile apps now report safe borehole locations.
255,158,2023-01-11 14:00:00,19.0,10.0,5.0,Misinformation,Western NGOs poison wells to reduce population.
256,38,2023-01-11 15:00:00,39.0,1.0,2.0,Legitimate,
257,230,2023-01-11 16:00:00,21.0,,-1.0,Legitimate,Solar disinfection of water proves effective.
258,51,2023-01-11 17:00:00,28.0,3.0,1.0,Legitimate,Studies show water quality impacts health.
259,264,2023-01-11 18:00:00,16.0,9.0,2.0,Misinformation,Natural spring water prevents COVID-19.
260,283,2023-01-11 19:00:00,20.0,13.0,4.0,Misinformation,Government hides real dangers of hand sanitizers.
261,27,2023-01-11 20:00:00,26.0,10.0,-1.0,Misinformation,Natural spring water prevents COVID-19.
262,226,2023-01-11 21:00:00,28.0,2.0,6.0,Legitimate,UNICEF supports safe water projects in Ethiopia.
263,277,2023-01-11 22:00:00,29.0,8.0,3.0,Legitimate,Rainwater harvesting gains popularity in Uganda.
264,286,2023-01-11 23:00:00,28.0,9.0,4.0,Legitimate,Safe sanitation is key to public health.
265,97,2023-01-12 00:00:00,13.0,16.0,2.0,Misinformation,Studies show water quality impacts health.
266,284,2023-01-12 01:00:00,26.0,3.0,1.0,Legitimate,Solar disinfection of water proves effective.
267,147,2023-01-12 02:00:00,32.0,5.0,1.0,Legitimate,Water kiosks now serve clean water in Nairobi.
268,4,2023-01-12 03:00:00,31.0,,0.0,Legitimate,Studies show water quality impacts health.
269,35,2023-01-12 04:00:00,45.0,0.0,2.0,Legitimate,Studies show water quality impacts health.
270,192,2023-01-12 05:00:00,31.0,5.0,5.0,Legitimate,
271,49,2023-01-12 06:00:00,26.0,15.0,2.0,Misinformation,Face masks cause water contamination when washed.
272,17,2023-01-12 07:00:00,,,1.0,Legitimate,Safe sanitation is key to public health.
273,172,2023-01-12 08:00:00,25.0,16.0,5.0,Misinformation,Using soap daily can cause skin cancer.
274,220,2023-01-12 09:00:00,13.0,10.0,3.0,Misinformation,Drinking bottled water causes kidney failure.
275,158,2023-01-12 10:00:00,38.0,6.0,2.0,Legitimate,Solar disinfection of water proves effective.
276,46,2023-01-12 11:00:00,32.0,10.0,3.0,Legitimate,UNICEF supports safe water projects in Ethiopia.
277,6,2023-01-12 12:00:00,28.0,3.0,1.0,Legitimate,Local programs claim sanitation success.
278,99,2023-01-12 13:00:00,25.0,11.0,0.0,Misinformation,Boiled water increases blood acidity.
279,233,2023-01-12 14:00:00,27.0,7.0,2.0,Legitimate,
280,37,2023-01-12 15:00:00,25.0,2.0,6.0,Legitimate,Rainwater harvesting gains popularity in Uganda.
281,280,2023-01-12 16:00:00,30.0,1.0,2.0,Legitimate,Experts debate the safety of boiling water.
282,181,2023-01-12 17:00:00,21.0,6.0,2.0,Legitimate,Rainwater harvesting gains popularity in Uganda.
283,95,2023-01-12 18:00:00,27.0,0.0,5.0,Legitimate,Studies show water quality impacts health.
284,99,2023-01-12 19:00:00,29.0,8.0,0.0,Legitimate,Rainwater harvesting gains popularity in Uganda.
285,188,2023-01-12 20:00:00,14.0,9.0,3.0,Misinformation,Boiling water damages your organs.
286,116,2023-01-12 21:00:00,11.0,11.0,3.0,Misinformation,Using soap daily can cause skin cancer.
287,191,2023-01-12 22:00:00,,6.0,3.0,Legitimate,Safe sanitation is key to public health.
288,253,2023-01-12 23:00:00,26.0,-2.0,5.0,Legitimate,New WHO guidelines promote water boiling.
289,161,2023-01-13 00:00:00,13.0,9.0,3.0,Misinformation,Boiling water damages your organs.
290,256,2023-01-13 01:00:00,25.0,5.0,5.0,Legitimate,New WHO guidelines promote water boiling.
291,128,2023-01-13 02:00:00,11.0,11.0,1.0,Misinformation,Boiling water damages your organs.
292,18,2023-01-13 03:00:00,17.0,8.0,6.0,Legitimate,NGOs distribute water purification tablets.
293,281,2023-01-13 04:00:00,29.0,9.0,1.0,Legitimate,Solar disinfection of water proves effective.
294,223,2023-01-13 05:00:00,35.0,5.0,,Legitimate,Proper handwashing reduces cholera outbreaks.
295,54,2023-01-13 06:00:00,32.0,2.0,5.0,Legitimate,
296,58,2023-01-13 07:00:00,13.0,13.0,4.0,Misinformation,Chlorinated water is a government mind control tactic.
297,174,2023-01-13 08:00:00,31.0,8.0,6.0,Legitimate,NGOs distribute water purification tablets.
298,280,2023-01-13 09:00:00,31.0,4.0,3.0,Legitimate,Clean water access has improved in rural Kenya.
299,114,2023-01-13 10:00:00,21.0,4.0,2.0,Legitimate,Experts debate the safety of boiling water.
300,288,2023-01-13 11:00:00,15.0,13.0,7.0,Misinformation,Western NGOs poison wells to reduce population.
301,151,2023-01-13 12:00:00,26.0,2.0,2.0,Legitimate,Local programs claim sanitation success.
302,127,2023-01-13 13:00:00,20.0,9.0,3.0,Misinformation,Drinking bottled water causes kidney failure.
303,155,2023-01-13 14:00:00,31.0,8.0,5.0,Legitimate,
304,273,2023-01-13 15:00:00,41.0,7.0,1.0,Legitimate,Sanitation drives are working in rural areas.
305,104,2023-01-13 16:00:00,15.0,13.0,5.0,Misinformation,Government hides real dangers of hand sanitizers.
306,299,2023-01-13 17:00:00,27.0,7.0,2.0,Legitimate,Water kiosks now serve clean water in Nairobi.
307,246,2023-01-13 18:00:00,28.0,,3.0,Legitimate,UNICEF supports safe water projects in Ethiopia.
308,176,2023-01-13 19:00:00,24.0,3.0,-1.0,Legitimate,More East African homes now use filtration.
309,39,2023-01-13 20:00:00,20.0,3.0,3.0,Legitimate,Safe sanitation is key to public health.
310,170,2023-01-13 21:00:00,36.0,3.0,2.0,Legitimate,Sanitation drives are working in rural areas.
311,247,2023-01-13 22:00:00,26.0,7.0,1.0,Legitimate,Safe sanitation is key to public health.
312,26,2023-01-13 23:00:00,18.0,3.0,1.0,Legitimate,Rainwater harvesting gains popularity in Uganda.
313,13,2023-01-14 00:00:00,28.0,7.0,-2.0,Legitimate,Local programs claim sanitation success.
314,36,2023-01-14 01:00:00,32.0,3.0,2.0,Legitimate,Water kiosks now serve clean water in Nairobi.
315,173,2023-01-14 02:00:00,30.0,5.0,2.0,Legitimate,Water kiosks now serve clean water in Nairobi.
316,20,2023-01-14 03:00:00,30.0,12.0,6.0,Misinformation,Natural spring water prevents COVID-19.
317,264,2023-01-14 04:00:00,,12.0,7.0,Misinformation,Soap brands contain microchips for surveillance.
318,142,2023-01-14 05:00:00,29.0,6.0,4.0,Legitimate,New WHO guidelines promote water boiling.
319,143,2023-01-14 06:00:00,35.0,6.0,2.0,Legitimate,Public toilets improve hygiene in Kampala.
320,92,2023-01-14 07:00:00,10.0,,4.0,Misinformation,Drinking bottled water causes kidney failure.
321,288,2023-01-14 08:00:00,22.0,2.0,1.0,Legitimate,Safe sanitation is key to public health.
322,215,2023-01-14 09:00:00,,5.0,2.0,Legitimate,More East African homes now use filtration.
323,51,2023-01-14 10:00:00,26.0,9.0,5.0,Misinformation,Local programs claim sanitation success.
324,153,2023-01-14 11:00:00,26.0,9.0,1.0,Legitimate,UNICEF supports safe water projects in Ethiopia.
325,186,2023-01-14 12:00:00,25.0,9.0,5.0,Legitimate,Rainwater harvesting gains popularity in Uganda.
326,63,2023-01-14 13:00:00,14.0,11.0,3.0,Misinformation,Soap brands contain microchips for surveillance.
327,190,2023-01-14 14:00:00,24.0,0.0,3.0,Legitimate,Studies show water quality impacts health.
328,125,2023-01-14 15:00:00,40.0,5.0,-2.0,Legitimate,
329,150,2023-01-14 16:00:00,23.0,3.0,5.0,Legitimate,Rainwater harvesting gains popularity in Uganda.
330,58,2023-01-14 17:00:00,27.0,4.0,3.0,Legitimate,Public toilets improve hygiene in Kampala.
331,180,2023-01-14 18:00:00,25.0,10.0,6.0,Misinformation,Rainwater is safer than treated tap water.
332,170,2023-01-14 19:00:00,27.0,5.0,1.0,Legitimate,Mobile apps now report safe borehole locations.
333,271,2023-01-14 20:00:00,22.0,7.0,4.0,Legitimate,Water kiosks now serve clean water in Nairobi.
334,54,2023-01-14 21:00:00,27.0,13.0,3.0,Misinformation,Filtered water removes essential nutrients.
335,101,2023-01-14 22:00:00,20.0,4.0,3.0,Legitimate,Proper handwashing reduces cholera outbreaks.
336,264,2023-01-14 23:00:00,22.0,1.0,0.0,Legitimate,New WHO guidelines promote water boiling.
337,53,2023-01-15 00:00:00,26.0,4.0,3.0,Legitimate,Sanitation drives are working in rural areas.
338,60,2023-01-15 01:00:00,33.0,7.0,4.0,Legitimate,More East African homes now use filtration.
339,108,2023-01-15 02:00:00,35.0,3.0,4.0,Legitimate,Clean water access has improved in rural Kenya.
340,5,2023-01-15 03:00:00,17.0,16.0,0.0,Misinformation,Vaccines in water are used to track people.
341,103,2023-01-15 04:00:00,16.0,8.0,5.0,Misinformation,"Sanitizer causes infertility, experts say."
342,196,2023-01-15 05:00:00,,1.0,3.0,Legitimate,East African communities adopt water filtration.
343,262,2023-01-15 06:00:00,27.0,8.0,3.0,Legitimate,Experts debate the safety of boiling water.
344,47,2023-01-15 07:00:00,34.0,2.0,2.0,Legitimate,East African communities adopt water filtration.
345,144,2023-01-15 08:00:00,27.0,6.0,4.0,Legitimate,Sanitation drives are working in rural areas.
346,269,2023-01-15 09:00:00,31.0,0.0,12.0,Legitimate,Studies show water quality impacts health.
347,124,2023-01-15 10:00:00,21.0,13.0,6.0,Misinformation,Soap brands contain microchips for surveillance.
348,106,2023-01-15 11:00:00,40.0,5.0,4.0,Legitimate,Mobile apps now report safe borehole locations.
349,158,2023-01-15 12:00:00,21.0,8.0,0.0,Legitimate,Experts debate the safety of boiling water.
350,147,2023-01-15 13:00:00,28.0,5.0,0.0,Legitimate,Sanitation drives are working in rural areas.
351,145,2023-01-15 14:00:00,24.0,,4.0,Legitimate,Local programs claim sanitation success.
352,120,2023-01-15 15:00:00,20.0,3.0,-1.0,Legitimate,Local programs claim sanitation success.
353,275,2023-01-15 16:00:00,28.0,7.0,2.0,Legitimate,Experts debate the safety of boiling water.
354,92,2023-01-15 17:00:00,23.0,5.0,,Legitimate,NGOs distribute water purification tablets.
355,58,2023-01-15 18:00:00,25.0,2.0,4.0,Legitimate,
356,229,2023-01-15 19:00:00,37.0,5.0,2.0,Legitimate,UNICEF supports safe water projects in Ethiopia.
357,117,2023-01-15 20:00:00,32.0,5.0,,Legitimate,Rainwater harvesting gains popularity in Uganda.
358,279,2023-01-15 21:00:00,32.0,8.0,4.0,Legitimate,Solar disinfection of water proves effective.
359,127,2023-01-15 22:00:00,,11.0,0.0,Misinformation,Face masks cause water contamination when washed.
360,129,2023-01-15 23:00:00,22.0,2.0,5.0,Legitimate,UNICEF supports safe water projects in Ethiopia.
361,58,2023-01-16 00:00:00,25.0,2.0,6.0,Legitimate,Experts debate the safety of boiling water.
362,122,2023-01-16 01:00:00,26.0,7.0,1.0,Legitimate,Clean water access has improved in rural Kenya.
363,1,2023-01-16 02:00:00,5.0,7.0,3.0,Misinformation,Using soap daily can cause skin cancer.
364,239,2023-01-16 03:00:00,32.0,3.0,6.0,Legitimate,Safe sanitation is key to public health.
365,290,2023-01-16 04:00:00,20.0,,4.0,Legitimate,New WHO guidelines promote water boiling.
366,96,2023-01-16 05:00:00,28.0,3.0,3.0,Legitimate,Local programs claim sanitation success.
367,126,2023-01-16 06:00:00,30.0,6.0,3.0,Legitimate,UNICEF supports safe water projects in Ethiopia.
368,118,2023-01-16 07:00:00,34.0,5.0,0.0,Legitimate,Sanitation drives are working in rural areas.
369,48,2023-01-16 08:00:00,22.0,3.0,3.0,Legitimate,Rainwater harvesting gains popularity in Uganda.
370,89,2023-01-16 09:00:00,,11.0,2.0,Misinformation,Vaccines in water are used to track people.
371,237,2023-01-16 10:00:00,22.0,8.0,,Legitimate,Water kiosks now serve clean water in Nairobi.
372,272,2023-01-16 11:00:00,23.0,,2.0,Legitimate,
373,189,2023-01-16 12:00:00,35.0,3.0,0.0,Legitimate,Safe sanitation is key to public health.
374,192,2023-01-16 13:00:00,30.0,6.0,2.0,Legitimate,Proper handwashing reduces cholera outbreaks.
375,69,2023-01-16 14:00:00,35.0,5.0,5.0,Legitimate,Rainwater harvesting gains popularity in Uganda.
376,278,2023-01-16 15:00:00,,11.0,1.0,Misinformation,Filtered water removes essential nutrients.
377,247,2023-01-16 16:00:00,25.0,13.0,-2.0,Misinformation,Local programs claim sanitation success.
378,76,2023-01-16 17:00:00,32.0,5.0,1.0,Legitimate,
379,154,2023-01-16 18:00:00,35.0,2.0,6.0,Legitimate,NGOs distribute water purification tablets.
380,144,2023-01-16 19:00:00,26.0,0.0,1.0,Legitimate,Water kiosks now serve clean water in Nairobi.
381,86,2023-01-16 20:00:00,41.0,,7.0,Legitimate,Solar disinfection of water proves effective.
382,185,2023-01-16 21:00:00,30.0,4.0,2.0,Legitimate,More East African homes now use filtration.
383,285,2023-01-16 22:00:00,16.0,13.0,2.0,Misinformation,Face masks cause water contamination when washed.
384,220,2023-01-16 23:00:00,24.0,10.0,0.0,Misinformation,
385,69,2023-01-17 00:00:00,28.0,2.0,3.0,Legitimate,
386,47,2023-01-17 01:00:00,40.0,7.0,3.0,Legitimate,Mobile apps now report safe borehole locations.
387,94,2023-01-17 02:00:00,30.0,1.0,3.0,Legitimate,Studies show water quality impacts health.
388,238,2023-01-17 03:00:00,40.0,7.0,4.0,Legitimate,
389,204,2023-01-17 04:00:00,30.0,5.0,2.0,Legitimate,Studies show water quality impacts health.
390,218,2023-01-17 05:00:00,31.0,,-2.0,Legitimate,Safe sanitation is key to public health.
391,39,2023-01-17 06:00:00,31.0,3.0,4.0,Legitimate,New WHO guidelines promote water boiling.
392,100,2023-01-17 07:00:00,26.0,-1.0,4.0,Legitimate,Water kiosks now serve clean water in Nairobi.
393,289,2023-01-17 08:00:00,22.0,6.0,8.0,Legitimate,New WHO guidelines promote water boiling.
394,254,2023-01-17 09:00:00,13.0,12.0,4.0,Misinformation,Western NGOs poison wells to reduce population.
395,222,2023-01-17 10:00:00,38.0,6.0,5.0,Legitimate,Sanitation drives are working in rural areas.
396,23,2023-01-17 11:00:00,30.0,12.0,2.0,Legitimate,Sanitation drives are working in rural areas.
397,250,2023-01-17 12:00:00,28.0,7.0,5.0,Legitimate,Mobile apps now report safe borehole locations.
398,10,2023-01-17 13:00:00,29.0,9.0,0.0,Legitimate,Clean water access has improved in rural Kenya.
399,246,2023-01-17 14:00:00,27.0,4.0,0.0,Legitimate,Mobile apps now report safe borehole locations.
400,100,2023-01-17 15:00:00,,4.0,5.0,Legitimate,Sanitation drives are working in rural areas.
401,290,2023-01-17 16:00:00,27.0,,6.0,Legitimate,Solar disinfection of water proves effective.
402,180,2023-01-17 17:00:00,18.0,-1.0,2.0,Legitimate,Experts debate the safety of boiling water.
403,223,2023-01-17 18:00:00,22.0,16.0,0.0,Misinformation,Drinking bottled water causes kidney failure.
404,250,2023-01-17 19:00:00,27.0,3.0,5.0,Legitimate,Clean water access has improved in rural Kenya.
405,147,2023-01-17 20:00:00,31.0,6.0,3.0,Legitimate,Solar disinfection of water proves effective.
406,96,2023-01-17 21:00:00,29.0,8.0,4.0,Legitimate,Studies show water quality impacts health.
407,257,2023-01-17 22:00:00,27.0,,,Legitimate,Water kiosks now serve clean water in Nairobi.
408,4,2023-01-17 23:00:00,24.0,14.0,3.0,Misinformation,Using soap daily can cause skin cancer.
409,16,2023-01-18 00:00:00,33.0,4.0,,Legitimate,Sanitation drives are working in rural areas.
410,280,2023-01-18 01:00:00,39.0,,5.0,Legitimate,Experts debate the safety of boiling water.
411,247,2023-01-18 02:00:00,23.0,5.0,0.0,Legitimate,East African communities adopt water filtration.
412,258,2023-01-18 03:00:00,24.0,2.0,6.0,Legitimate,Water kiosks now serve clean water in Nairobi.
413,160,2023-01-18 04:00:00,18.0,11.0,4.0,Misinformation,Soap brands contain microchips for surveillance.
414,152,2023-01-18 05:00:00,39.0,5.0,2.0,Legitimate,Rainwater harvesting gains popularity in Uganda.
415,178,2023-01-18 06:00:00,28.0,1.0,0.0,Legitimate,NGOs distribute water purification tablets.
416,163,2023-01-18 07:00:00,25.0,10.0,5.0,Misinformation,Boiled water increases blood acidity.
417,33,2023-01-18 08:00:00,21.0,16.0,3.0,Misinformation,Chlorinated water is a government mind control tactic.
418,179,2023-01-18 09:00:00,32.0,9.0,2.0,Legitimate,Clean water access has improved in rural Kenya.
419,101,2023-01-18 10:00:00,33.0,4.0,-1.0,Legitimate,Clean water access has improved in rural Kenya.
420,268,2023-01-18 11:00:00,36.0,9.0,1.0,Legitimate,East African communities adopt water filtration.
421,65,2023-01-18 12:00:00,32.0,6.0,2.0,Legitimate,NGOs distribute water purification tablets.
422,168,2023-01-18 13:00:00,25.0,10.0,2.0,Misinformation,Filtered water removes essential nutrients.
423,43,2023-01-18 14:00:00,34.0,5.0,5.0,Legitimate,Sanitation drives are working in rural areas.
424,44,2023-01-18 15:00:00,25.0,5.0,2.0,Legitimate,Rainwater harvesting gains popularity in Uganda.
425,285,2023-01-18 16:00:00,20.0,15.0,8.0,Misinformation,Tap water linked to reduced IQ.
426,12,2023-01-18 17:00:00,20.0,4.0,6.0,Legitimate,More East African homes now use filtration.
427,95,2023-01-18 18:00:00,29.0,0.0,2.0,Legitimate,East African communities adopt water filtration.
428,253,2023-01-18 19:00:00,19.0,8.0,3.0,Misinformation,Filtered water removes essential nutrients.
429,242,2023-01-18 20:00:00,15.0,9.0,7.0,Misinformation,Western NGOs poison wells to reduce population.
430,35,2023-01-18 21:00:00,22.0,12.0,1.0,Misinformation,Rainwater is safer than treated tap water.
431,215,2023-01-18 22:00:00,18.0,2.0,0.0,Legitimate,Studies show water quality impacts health.
432,90,2023-01-18 23:00:00,22.0,15.0,1.0,Misinformation,Vaccines in water are used to track people.
433,264,2023-01-19 00:00:00,35.0,7.0,8.0,Legitimate,Sanitation drives are working in rural areas.
434,93,2023-01-19 01:00:00,,3.0,5.0,Legitimate,Water kiosks now serve clean water in Nairobi.
435,90,2023-01-19 02:00:00,15.0,7.0,2.0,Misinformation,Government hides real dangers of hand sanitizers.
436,115,2023-01-19 03:00:00,36.0,2.0,8.0,Legitimate,Solar disinfection of water proves effective.
437,105,2023-01-19 04:00:00,21.0,11.0,4.0,Misinformation,Drinking bottled water causes kidney failure.
438,196,2023-01-19 05:00:00,26.0,2.0,1.0,Legitimate,Rainwater harvesting gains popularity in Uganda.
439,114,2023-01-19 06:00:00,,3.0,2.0,Legitimate,Rainwater harvesting gains popularity in Uganda.
440,75,2023-01-19 07:00:00,18.0,11.0,0.0,Misinformation,Western NGOs poison wells to reduce population.
441,217,2023-01-19 08:00:00,29.0,5.0,0.0,Legitimate,
442,277,2023-01-19 09:00:00,33.0,6.0,3.0,Legitimate,Solar disinfection of water proves effective.
443,249,2023-01-19 10:00:00,20.0,,8.0,Legitimate,East African communities adopt water filtration.
444,164,2023-01-19 11:00:00,25.0,12.0,1.0,Misinformation,Experts debate the safety of boiling water.
445,192,2023-01-19 12:00:00,27.0,6.0,1.0,Legitimate,Mobile apps now report safe borehole locations.
446,227,2023-01-19 13:00:00,,0.0,-1.0,Legitimate,Water kiosks now serve clean water in Nairobi.
447,177,2023-01-19 14:00:00,33.0,10.0,4.0,Legitimate,
448,99,2023-01-19 15:00:00,25.0,15.0,5.0,Misinformation,Studies show water quality impacts health.
449,36,2023-01-19 16:00:00,29.0,10.0,0.0,Misinformation,Western NGOs poison wells to reduce population.
450,96,2023-01-19 17:00:00,11.0,12.0,-1.0,Misinformation,Tap water linked to reduced IQ.
451,152,2023-01-19 18:00:00,22.0,3.0,2.0,Legitimate,
452,151,2023-01-19 19:00:00,39.0,4.0,0.0,Legitimate,Safe sanitation is key to public health.
453,190,2023-01-19 20:00:00,30.0,4.0,5.0,Legitimate,Solar disinfection of water proves effective.
454,224,2023-01-19 21:00:00,32.0,7.0,4.0,Legitimate,Mobile apps now report safe borehole locations.
455,37,2023-01-19 22:00:00,23.0,9.0,,Legitimate,Solar disinfection of water proves effective.
456,268,2023-01-19 23:00:00,4.0,11.0,2.0,Misinformation,Soap brands contain microchips for surveillance.
457,183,2023-01-20 00:00:00,22.0,16.0,,Misinformation,Experts debate the safety of boiling water.
458,13,2023-01-20 01:00:00,33.0,0.0,,Legitimate,Rainwater harvesting gains popularity in Uganda.
459,279,2023-01-20 02:00:00,28.0,0.0,1.0,Legitimate,NGOs distribute water purification tablets.
460,217,2023-01-20 03:00:00,27.0,13.0,4.0,Misinformation,Local programs claim sanitation success.
461,286,2023-01-20 04:00:00,31.0,1.0,-2.0,Legitimate,Clean water access has improved in rural Kenya.
462,273,2023-01-20 05:00:00,25.0,3.0,5.0,Legitimate,Clean water access has improved in rural Kenya.
463,62,2023-01-20 06:00:00,25.0,3.0,5.0,Legitimate,NGOs distribute water purification tablets.
464,84,2023-01-20 07:00:00,32.0,7.0,-2.0,Legitimate,Experts debate the safety of boiling water.
465,217,2023-01-20 08:00:00,10.0,8.0,8.0,Misinformation,Experts debate the safety of boiling water.
466,187,2023-01-20 09:00:00,22.0,6.0,1.0,Legitimate,Public toilets improve hygiene in Kampala.
467,19,2023-01-20 10:00:00,30.0,5.0,,Legitimate,Rainwater harvesting gains popularity in Uganda.
468,177,2023-01-20 11:00:00,32.0,1.0,2.0,Legitimate,New WHO guidelines promote water boiling.
469,100,2023-01-20 12:00:00,12.0,,7.0,Misinformation,Local programs claim sanitation success.
470,233,2023-01-20 13:00:00,35.0,4.0,4.0,Legitimate,Solar disinfection of water proves effective.
471,76,2023-01-20 14:00:00,25.0,1.0,4.0,Legitimate,Rainwater harvesting gains popularity in Uganda.
472,265,2023-01-20 15:00:00,24.0,9.0,3.0,Misinformation,Tap water linked to reduced IQ.
473,284,2023-01-20 16:00:00,22.0,17.0,1.0,Misinformation,Filtered water removes essential nutrients.
474,206,2023-01-20 17:00:00,24.0,13.0,3.0,Misinformation,Studies show water quality impacts health.
475,223,2023-01-20 18:00:00,6.0,9.0,9.0,Misinformation,Face masks cause water contamination when washed.
476,52,2023-01-20 19:00:00,36.0,3.0,5.0,Legitimate,New WHO guidelines promote water boiling.
477,144,2023-01-20 20:00:00,25.0,6.0,2.0,Legitimate,
478,69,2023-01-20 21:00:00,24.0,6.0,2.0,Legitimate,NGOs distribute water purification tablets.
479,99,2023-01-20 22:00:00,35.0,6.0,5.0,Legitimate,UNICEF supports safe water projects in Ethiopia.
480,25,2023-01-20 23:00:00,16.0,16.0,6.0,Misinformation,Face masks cause water contamination when washed.
481,53,2023-01-21 00:00:00,14.0,12.0,3.0,Misinformation,Using soap daily can cause skin cancer.
482,151,2023-01-21 01:00:00,22.0,12.0,1.0,Misinformation,Soap brands contain microchips for surveillance.
483,144,2023-01-21 02:00:00,30.0,5.0,2.0,Legitimate,Solar disinfection of water proves effective.
484,57,2023-01-21 03:00:00,13.0,11.0,5.0,Misinformation,Vaccines in water are used to track people.
485,39,2023-01-21 04:00:00,22.0,9.0,2.0,Misinformation,Vaccines in water are used to track people.
486,109,2023-01-21 05:00:00,25.0,4.0,2.0,Legitimate,
487,181,2023-01-21 06:00:00,15.0,18.0,7.0,Misinformation,Natural spring water prevents COVID-19.
488,42,2023-01-21 07:00:00,33.0,6.0,3.0,Legitimate,Experts debate the safety of boiling water.
489,186,2023-01-21 08:00:00,38.0,4.0,6.0,Legitimate,Sanitation drives are working in rural areas.
490,223,2023-01-21 09:00:00,40.0,8.0,1.0,Legitimate,NGOs distribute water purification tablets.
491,122,2023-01-21 10:00:00,20.0,,1.0,Legitimate,Rainwater harvesting gains popularity in Uganda.
492,133,2023-01-21 11:00:00,31.0,3.0,3.0,Legitimate,Public toilets improve hygiene in Kampala.
493,163,2023-01-21 12:00:00,22.0,2.0,6.0,Legitimate,Proper handwashing reduces cholera outbreaks.
494,215,2023-01-21 13:00:00,22.0,11.0,4.0,Misinformation,Tap water linked to reduced IQ.
495,221,2023-01-21 14:00:00,29.0,4.0,4.0,Legitimate,Experts debate the safety of boiling water.
496,235,2023-01-21 15:00:00,24.0,11.0,3.0,Misinformation,Face masks cause water contamination when washed.
497,146,2023-01-21 16:00:00,36.0,3.0,0.0,Legitimate,
498,239,2023-01-21 17:00:00,31.0,4.0,3.0,Legitimate,East African communities adopt water filtration.
499,76,2023-01-21 18:00:00,23.0,4.0,5.0,Legitimate,
500,9,2023-01-21 19:00:00,31.0,5.0,1.0,Legitimate,UNICEF supports safe water projects in Ethiopia.
501,74,2023-01-21 20:00:00,32.0,4.0,2.0,Legitimate,East African communities adopt water filtration.
502,253,2023-01-21 21:00:00,29.0,3.0,6.0,Legitimate,Public toilets improve hygiene in Kampala.
503,230,2023-01-21 22:00:00,26.0,7.0,-1.0,Legitimate,Safe sanitation is key to public health.
504,7,2023-01-21 23:00:00,33.0,8.0,4.0,Legitimate,Safe sanitation is key to public health.
505,174,2023-01-22 00:00:00,22.0,13.0,2.0,Misinformation,Soap brands contain microchips for surveillance.
506,141,2023-01-22 01:00:00,23.0,6.0,2.0,Legitimate,NGOs distribute water purification tablets.
507,168,2023-01-22 02:00:00,27.0,5.0,3.0,Legitimate,Mobile apps now report safe borehole locations.
508,170,2023-01-22 03:00:00,20.0,3.0,,Legitimate,Water kiosks now serve clean water in Nairobi.
509,283,2023-01-22 04:00:00,33.0,7.0,,Legitimate,East African communities adopt water filtration.
510,122,2023-01-22 05:00:00,,2.0,6.0,Legitimate,Rainwater harvesting gains popularity in Uganda.
511,194,2023-01-22 06:00:00,22.0,14.0,,Misinformation,Natural spring water prevents COVID-19.
512,5,2023-01-22 07:00:00,23.0,9.0,3.0,Misinformation,Boiled water increases blood acidity.
513,29,2023-01-22 08:00:00,27.0,-1.0,,Legitimate,Solar disinfection of water proves effective.
514,165,2023-01-22 09:00:00,34.0,7.0,5.0,Legitimate,
515,136,2023-01-22 10:00:00,27.0,6.0,3.0,Legitimate,Water kiosks now serve clean water in Nairobi.
516,145,2023-01-22 11:00:00,18.0,13.0,4.0,Misinformation,Filtered water removes essential nutrients.
517,217,2023-01-22 12:00:00,37.0,4.0,5.0,Legitimate,Public toilets improve hygiene in Kampala.
518,132,2023-01-22 13:00:00,31.0,6.0,5.0,Legitimate,Rainwater harvesting gains popularity in Uganda.
519,292,2023-01-22 14:00:00,23.0,11.0,1.0,Misinformation,Boiled water increases blood acidity.
520,70,2023-01-22 15:00:00,21.0,12.0,3.0,Misinformation,Chlorinated water is a government mind control tactic.
521,252,2023-01-22 16:00:00,26.0,15.0,3.0,Misinformation,Face masks cause water contamination when washed.
522,275,2023-01-22 17:00:00,13.0,10.0,5.0,Misinformation,Vaccines in water are used to track people.
523,182,2023-01-22 18:00:00,23.0,10.0,6.0,Misinformation,Boiling water damages your organs.
524,167,2023-01-22 19:00:00,31.0,0.0,-1.0,Legitimate,Experts debate the safety of boiling water.
525,91,2023-01-22 20:00:00,44.0,0.0,5.0,Legitimate,Sanitation drives are working in rural areas.
526,202,2023-01-22 21:00:00,15.0,15.0,0.0,Misinformation,Chlorinated water is a government mind control tactic.
527,19,2023-01-22 22:00:00,,3.0,2.0,Legitimate,East African communities adopt water filtration.
528,39,2023-01-22 23:00:00,15.0,12.0,6.0,Misinformation,Government hides real dangers of hand sanitizers.
529,126,2023-01-23 00:00:00,30.0,1.0,6.0,Legitimate,UNICEF supports safe water projects in Ethiopia.
530,173,2023-01-23 01:00:00,32.0,3.0,7.0,Legitimate,East African communities adopt water filtration.
531,141,2023-01-23 02:00:00,37.0,4.0,4.0,Legitimate,Clean water access has improved in rural Kenya.
532,242,2023-01-23 03:00:00,30.0,4.0,-1.0,Legitimate,UNICEF supports safe water projects in Ethiopia.
533,220,2023-01-23 04:00:00,22.0,4.0,3.0,Legitimate,Safe sanitation is key to public health.
534,126,2023-01-23 05:00:00,13.0,9.0,4.0,Misinformation,
535,58,2023-01-23 06:00:00,25.0,5.0,7.0,Legitimate,Water kiosks now serve clean water in Nairobi.
536,148,2023-01-23 07:00:00,24.0,10.0,3.0,Misinformation,Chlorinated water is a government mind control tactic.
537,1,2023-01-23 08:00:00,33.0,8.0,2.0,Legitimate,Clean water access has improved in rural Kenya.
538,190,2023-01-23 09:00:00,33.0,-1.0,8.0,Legitimate,Public toilets improve hygiene in Kampala.
539,191,2023-01-23 10:00:00,24.0,10.0,1.0,Legitimate,Public toilets improve hygiene in Kampala.
540,117,2023-01-23 11:00:00,38.0,3.0,3.0,Legitimate,
541,134,2023-01-23 12:00:00,29.0,12.0,2.0,Misinformation,Boiling water damages your organs.
542,58,2023-01-23 13:00:00,24.0,11.0,0.0,Misinformation,Face masks cause water contamination when washed.
543,44,2023-01-23 14:00:00,24.0,14.0,6.0,Misinformation,
544,173,2023-01-23 15:00:00,22.0,,3.0,Misinformation,Studies show water quality impacts health.
545,160,2023-01-23 16:00:00,25.0,-1.0,2.0,Legitimate,
546,173,2023-01-23 17:00:00,,11.0,3.0,Misinformation,Tap water linked to reduced IQ.
547,149,2023-01-23 18:00:00,21.0,13.0,3.0,Misinformation,Using soap daily can cause skin cancer.
548,80,2023-01-23 19:00:00,30.0,12.0,2.0,Misinformation,
549,213,2023-01-23 20:00:00,26.0,5.0,5.0,Legitimate,Proper handwashing reduces cholera outbreaks.
550,203,2023-01-23 21:00:00,24.0,14.0,2.0,Misinformation,Chlorinated water is a government mind control tactic.
551,252,2023-01-23 22:00:00,23.0,6.0,4.0,Legitimate,East African communities adopt water filtration.
552,229,2023-01-23 23:00:00,14.0,9.0,2.0,Misinformation,Studies show water quality impacts health.
553,164,2023-01-24 00:00:00,32.0,5.0,-1.0,Legitimate,East African communities adopt water filtration.
554,227,2023-01-24 01:00:00,44.0,1.0,6.0,Legitimate,Safe sanitation is key to public health.
555,147,2023-01-24 02:00:00,29.0,5.0,5.0,Legitimate,Clean water access has improved in rural Kenya.
556,20,2023-01-24 03:00:00,34.0,7.0,,Legitimate,Studies show water quality impacts health.
557,47,2023-01-24 04:00:00,21.0,1.0,6.0,Legitimate,Public toilets improve hygiene in Kampala.
558,233,2023-01-24 05:00:00,17.0,17.0,5.0,Misinformation,Chlorinated water is a government mind control tactic.
559,14,2023-01-24 06:00:00,26.0,8.0,2.0,Legitimate,Studies show water quality impacts health.
560,143,2023-01-24 07:00:00,31.0,6.0,3.0,Legitimate,Experts debate the safety of boiling water.
561,1,2023-01-24 08:00:00,30.0,3.0,5.0,Legitimate,UNICEF supports safe water projects in Ethiopia.
562,54,2023-01-24 09:00:00,30.0,4.0,4.0,Legitimate,Local programs claim sanitation success.
563,259,2023-01-24 10:00:00,22.0,7.0,8.0,Legitimate,Public toilets improve hygiene in Kampala.
564,144,2023-01-24 11:00:00,,7.0,6.0,Legitimate,Clean water access has improved in rural Kenya.
565,12,2023-01-24 12:00:00,33.0,0.0,4.0,Legitimate,Rainwater harvesting gains popularity in Uganda.
566,224,2023-01-24 13:00:00,32.0,8.0,4.0,Legitimate,Experts debate the safety of boiling water.
567,272,2023-01-24 14:00:00,36.0,1.0,2.0,Legitimate,More East African homes now use filtration.
568,156,2023-01-24 15:00:00,26.0,0.0,4.0,Legitimate,Studies show water quality impacts health.
569,8,2023-01-24 16:00:00,28.0,8.0,-1.0,Legitimate,
570,122,2023-01-24 17:00:00,23.0,11.0,3.0,Misinformation,Natural spring water prevents COVID-19.
571,164,2023-01-24 18:00:00,26.0,1.0,3.0,Legitimate,Clean water access has improved in rural Kenya.
572,90,2023-01-24 19:00:00,24.0,3.0,3.0,Legitimate,Water kiosks now serve clean water in Nairobi.
573,136,2023-01-24 20:00:00,25.0,10.0,7.0,Legitimate,
574,186,2023-01-24 21:00:00,36.0,6.0,2.0,Legitimate,
575,178,2023-01-24 22:00:00,27.0,4.0,5.0,Legitimate,Local programs claim sanitation success.
576,28,2023-01-24 23:00:00,34.0,4.0,4.0,Legitimate,Mobile apps now report safe borehole locations.
577,220,2023-01-25 00:00:00,35.0,7.0,4.0,Legitimate,More East African homes now use filtration.
578,41,2023-01-25 01:00:00,23.0,0.0,4.0,Legitimate,More East African homes now use filtration.
579,228,2023-01-25 02:00:00,34.0,4.0,1.0,Legitimate,Clean water access has improved in rural Kenya.
580,192,2023-01-25 03:00:00,25.0,6.0,,Legitimate,Clean water access has improved in rural Kenya.
581,145,2023-01-25 04:00:00,22.0,,2.0,Misinformation,Boiled water increases blood acidity.
582,201,2023-01-25 05:00:00,23.0,2.0,2.0,Legitimate,Proper handwashing reduces cholera outbreaks.
583,212,2023-01-25 06:00:00,36.0,3.0,5.0,Legitimate,Rainwater harvesting gains popularity in Uganda.
584,220,2023-01-25 07:00:00,9.0,10.0,3.0,Misinformation,Face masks cause water contamination when washed.
585,240,2023-01-25 08:00:00,28.0,11.0,3.0,Misinformation,Boiling water damages your organs.
586,46,2023-01-25 09:00:00,28.0,2.0,2.0,Legitimate,Mobile apps now report safe borehole locations.
587,35,2023-01-25 10:00:00,18.0,13.0,7.0,Misinformation,Government hides real dangers of hand sanitizers.
588,253,2023-01-25 11:00:00,27.0,6.0,5.0,Legitimate,Sanitation drives are working in rural areas.
589,82,2023-01-25 12:00:00,28.0,3.0,1.0,Legitimate,
590,256,2023-01-25 13:00:00,40.0,4.0,3.0,Legitimate,Local programs claim sanitation success.
591,197,2023-01-25 14:00:00,29.0,7.0,5.0,Legitimate,Public toilets improve hygiene in Kampala.
592,10,2023-01-25 15:00:00,31.0,6.0,3.0,Legitimate,Experts debate the safety of boiling water.
593,286,2023-01-25 16:00:00,,4.0,4.0,Legitimate,Mobile apps now report safe borehole locations.
594,242,2023-01-25 17:00:00,22.0,0.0,3.0,Legitimate,UNICEF supports safe water projects in Ethiopia.
595,251,2023-01-25 18:00:00,30.0,1.0,0.0,Legitimate,UNICEF supports safe water projects in Ethiopia.
596,5,2023-01-25 19:00:00,31.0,2.0,4.0,Legitimate,Experts debate the safety of boiling water.
597,119,2023-01-25 20:00:00,34.0,7.0,4.0,Legitimate,NGOs distribute water purification tablets.
598,289,2023-01-25 21:00:00,29.0,5.0,0.0,Legitimate,More East African homes now use filtration.
599,65,2023-01-25 22:00:00,29.0,4.0,2.0,Legitimate,Sanitation drives are working in rural areas.
600,146,2023-01-25 23:00:00,19.0,14.0,0.0,Misinformation,Boiling water damages your organs.
601,224,2023-01-26 00:00:00,34.0,7.0,,Legitimate,Public toilets improve hygiene in Kampala.
602,239,2023-01-26 01:00:00,30.0,5.0,3.0,Legitimate,Safe sanitation is key to public health.
603,177,2023-01-26 02:00:00,19.0,,3.0,Misinformation,Western NGOs poison wells to reduce population.
604,267,2023-01-26 03:00:00,28.0,11.0,1.0,Legitimate,Studies show water quality impacts health.
605,282,2023-01-26 04:00:00,20.0,11.0,2.0,Misinformation,Filtered water removes essential nutrients.
606,63,2023-01-26 05:00:00,27.0,1.0,7.0,Legitimate,
607,217,2023-01-26 06:00:00,36.0,6.0,4.0,Legitimate,NGOs distribute water purification tablets.
608,283,2023-01-26 07:00:00,29.0,9.0,,Legitimate,Public toilets improve hygiene in Kampala.
609,177,2023-01-26 08:00:00,35.0,,1.0,Legitimate,
610,98,2023-01-26 09:00:00,27.0,6.0,6.0,Legitimate,Solar disinfection of water proves effective.
611,105,2023-01-26 10:00:00,16.0,,0.0,Misinformation,
612,99,2023-01-26 11:00:00,17.0,12.0,4.0,Misinformation,Studies show water quality impacts health.
613,6,2023-01-26 12:00:00,,6.0,7.0,Legitimate,
614,197,2023-01-26 13:00:00,26.0,9.0,3.0,Misinformation,Natural spring water prevents COVID-19.
615,133,2023-01-26 14:00:00,28.0,8.0,3.0,Legitimate,Mobile apps now report safe borehole locations.
616,259,2023-01-26 15:00:00,28.0,2.0,-2.0,Legitimate,NGOs distribute water purification tablets.
617,23,2023-01-26 16:00:00,24.0,8.0,0.0,Legitimate,Local programs claim sanitation success.
618,53,2023-01-26 17:00:00,28.0,13.0,2.0,Misinformation,Tap water linked to reduced IQ.
619,165,2023-01-26 18:00:00,28.0,5.0,6.0,Legitimate,Experts debate the safety of boiling water.
620,202,2023-01-26 19:00:00,24.0,9.0,8.0,Legitimate,Safe sanitation is key to public health.
621,83,2023-01-26 20:00:00,16.0,9.0,3.0,Misinformation,Western NGOs poison wells to reduce population.
622,145,2023-01-26 21:00:00,,5.0,0.0,Legitimate,Water kiosks now serve clean water in Nairobi.
623,85,2023-01-26 22:00:00,,3.0,0.0,Legitimate,Proper handwashing reduces cholera outbreaks.
624,78,2023-01-26 23:00:00,,2.0,-1.0,Legitimate,Clean water access has improved in rural Kenya.
625,1,2023-01-27 00:00:00,34.0,6.0,0.0,Legitimate,Clean water access has improved in rural Kenya.
626,51,2023-01-27 01:00:00,,,0.0,Legitimate,Sanitation drives are working in rural areas.
627,173,2023-01-27 02:00:00,15.0,10.0,2.0,Misinformation,Vaccines in water are used to track people.
628,205,2023-01-27 03:00:00,24.0,1.0,4.0,Legitimate,
629,260,2023-01-27 04:00:00,34.0,4.0,6.0,Legitimate,Experts debate the safety of boiling water.
630,288,2023-01-27 05:00:00,27.0,5.0,-2.0,Legitimate,
631,34,2023-01-27 06:00:00,24.0,7.0,3.0,Legitimate,Proper handwashing reduces cholera outbreaks.
632,95,2023-01-27 07:00:00,28.0,0.0,1.0,Legitimate,Safe sanitation is key to public health.
633,72,2023-01-27 08:00:00,21.0,12.0,4.0,Misinformation,Boiling water damages your organs.
634,39,2023-01-27 09:00:00,28.0,3.0,2.0,Legitimate,
635,154,2023-01-27 10:00:00,26.0,7.0,-1.0,Legitimate,New WHO guidelines promote water boiling.
636,250,2023-01-27 11:00:00,27.0,6.0,4.0,Legitimate,Rainwater harvesting gains popularity in Uganda.
637,162,2023-01-27 12:00:00,36.0,4.0,-1.0,Legitimate,Public toilets improve hygiene in Kampala.
638,118,2023-01-27 13:00:00,18.0,12.0,5.0,Misinformation,
639,259,2023-01-27 14:00:00,11.0,14.0,6.0,Misinformation,Experts debate the safety of boiling water.
640,268,2023-01-27 15:00:00,26.0,7.0,5.0,Legitimate,Water kiosks now serve clean water in Nairobi.
641,54,2023-01-27 16:00:00,18.0,16.0,7.0,Misinformation,Drinking bottled water causes kidney failure.
642,236,2023-01-27 17:00:00,36.0,8.0,0.0,Legitimate,Solar disinfection of water proves effective.
643,222,2023-01-27 18:00:00,,,-1.0,Legitimate,UNICEF supports safe water projects in Ethiopia.
644,251,2023-01-27 19:00:00,26.0,4.0,5.0,Legitimate,Solar disinfection of water proves effective.
645,112,2023-01-27 20:00:00,,8.0,8.0,Legitimate,
646,255,2023-01-27 21:00:00,21.0,10.0,0.0,Misinformation,Face masks cause water contamination when washed.
647,207,2023-01-27 22:00:00,25.0,4.0,2.0,Legitimate,Public toilets improve hygiene in Kampala.
648,229,2023-01-27 23:00:00,30.0,0.0,,Legitimate,
649,66,2023-01-28 00:00:00,18.0,12.0,0.0,Misinformation,Chlorinated water is a government mind control tactic.
650,75,2023-01-28 01:00:00,,4.0,7.0,Legitimate,Solar disinfection of water proves effective.
651,103,2023-01-28 02:00:00,,16.0,8.0,Misinformation,Natural spring water prevents COVID-19.
652,192,2023-01-28 03:00:00,34.0,1.0,2.0,Legitimate,Mobile apps now report safe borehole locations.
653,252,2023-01-28 04:00:00,34.0,5.0,1.0,Legitimate,New WHO guidelines promote water boiling.
654,226,2023-01-28 05:00:00,13.0,9.0,3.0,Misinformation,
655,294,2023-01-28 06:00:00,33.0,5.0,-1.0,Legitimate,More East African homes now use filtration.
656,98,2023-01-28 07:00:00,,13.0,0.0,Misinformation,Government hides real dangers of hand sanitizers.
657,286,2023-01-28 08:00:00,28.0,1.0,2.0,Legitimate,East African communities adopt water filtration.
658,249,2023-01-28 09:00:00,,15.0,2.0,Misinformation,Tap water linked to reduced IQ.
659,166,2023-01-28 10:00:00,37.0,3.0,5.0,Legitimate,New WHO guidelines promote water boiling.
660,30,2023-01-28 11:00:00,33.0,4.0,-1.0,Legitimate,Local programs claim sanitation success.
661,247,2023-01-28 12:00:00,28.0,12.0,9.0,Misinformation,Soap brands contain microchips for surveillance.
662,106,2023-01-28 13:00:00,22.0,6.0,5.0,Legitimate,Water kiosks now serve clean water in Nairobi.
663,51,2023-01-28 14:00:00,13.0,13.0,3.0,Misinformation,Drinking bottled water causes kidney failure.
664,81,2023-01-28 15:00:00,17.0,10.0,1.0,Misinformation,Drinking bottled water causes kidney failure.
665,133,2023-01-28 16:00:00,13.0,11.0,5.0,Misinformation,Local programs claim sanitation success.
666,285,2023-01-28 17:00:00,19.0,10.0,0.0,Misinformation,Vaccines in water are used to track people.
667,138,2023-01-28 18:00:00,24.0,6.0,3.0,Legitimate,Experts debate the safety of boiling water.
668,184,2023-01-28 19:00:00,29.0,9.0,-1.0,Legitimate,Local programs claim sanitation success.
669,273,2023-01-28 20:00:00,24.0,6.0,-1.0,Legitimate,Water kiosks now serve clean water in Nairobi.
670,69,2023-01-28 21:00:00,30.0,7.0,7.0,Legitimate,
671,34,2023-01-28 22:00:00,25.0,5.0,5.0,Legitimate,NGOs distribute water purification tablets.
672,262,2023-01-28 23:00:00,29.0,5.0,8.0,Legitimate,
673,53,2023-01-29 00:00:00,29.0,4.0,4.0,Legitimate,Local programs claim sanitation success.
674,205,2023-01-29 01:00:00,24.0,1.0,1.0,Legitimate,More East African homes now use filtration.
675,126,2023-01-29 02:00:00,28.0,6.0,1.0,Legitimate,Experts debate the safety of boiling water.
676,235,2023-01-29 03:00:00,23.0,9.0,1.0,Misinformation,Using soap daily can cause skin cancer.
677,43,2023-01-29 04:00:00,32.0,4.0,4.0,Legitimate,Sanitation drives are working in rural areas.
678,240,2023-01-29 05:00:00,18.0,2.0,3.0,Legitimate,Experts debate the safety of boiling water.
679,111,2023-01-29 06:00:00,19.0,12.0,,Misinformation,Drinking bottled water causes kidney failure.
680,249,2023-01-29 07:00:00,32.0,7.0,3.0,Legitimate,Local programs claim sanitation success.
681,151,2023-01-29 08:00:00,13.0,7.0,4.0,Misinformation,"Sanitizer causes infertility, experts say."
682,183,2023-01-29 09:00:00,23.0,6.0,-1.0,Legitimate,
683,95,2023-01-29 10:00:00,29.0,3.0,-1.0,Legitimate,Water kiosks now serve clean water in Nairobi.
684,8,2023-01-29 11:00:00,31.0,0.0,3.0,Legitimate,New WHO guidelines promote water boiling.
685,184,2023-01-29 12:00:00,14.0,10.0,5.0,Misinformation,Vaccines in water are used to track people.
686,281,2023-01-29 13:00:00,32.0,0.0,6.0,Legitimate,Mobile apps now report safe borehole locations.
687,195,2023-01-29 14:00:00,29.0,11.0,0.0,Misinformation,Experts debate the safety of boiling water.
688,195,2023-01-29 15:00:00,21.0,6.0,4.0,Legitimate,Mobile apps now report safe borehole locations.
689,155,2023-01-29 16:00:00,,2.0,6.0,Legitimate,
690,93,2023-01-29 17:00:00,26.0,7.0,2.0,Legitimate,
691,160,2023-01-29 18:00:00,39.0,4.0,,Legitimate,NGOs distribute water purification tablets.
692,61,2023-01-29 19:00:00,31.0,3.0,3.0,Legitimate,East African communities adopt water filtration.
693,122,2023-01-29 20:00:00,16.0,12.0,2.0,Misinformation,Tap water linked to reduced IQ.
694,51,2023-01-29 21:00:00,34.0,2.0,4.0,Legitimate,NGOs distribute water purification tablets.
695,277,2023-01-29 22:00:00,32.0,4.0,6.0,Legitimate,Solar disinfection of water proves effective.
696,5,2023-01-29 23:00:00,35.0,2.0,6.0,Legitimate,Local programs claim sanitation success.
697,92,2023-01-30 00:00:00,32.0,13.0,7.0,Misinformation,Natural spring water prevents COVID-19.
698,170,2023-01-30 01:00:00,20.0,11.0,2.0,Misinformation,Drinking bottled water causes kidney failure.
699,22,2023-01-30 02:00:00,20.0,9.0,4.0,Misinformation,Rainwater is safer than treated tap water.
700,1,2023-01-30 03:00:00,10.0,13.0,1.0,Misinformation,
701,133,2023-01-30 04:00:00,34.0,12.0,2.0,Misinformation,Rainwater is safer than treated tap water.
702,233,2023-01-30 05:00:00,19.0,10.0,3.0,Misinformation,Government hides real dangers of hand sanitizers.
703,12,2023-01-30 06:00:00,12.0,12.0,6.0,Misinformation,Using soap daily can cause skin cancer.
704,46,2023-01-30 07:00:00,29.0,,4.0,Legitimate,Sanitation drives are working in rural areas.
705,34,2023-01-30 08:00:00,35.0,5.0,3.0,Legitimate,East African communities adopt water filtration.
706,78,2023-01-30 09:00:00,24.0,6.0,3.0,Legitimate,NGOs distribute water purification tablets.
707,218,2023-01-30 10:00:00,28.0,2.0,7.0,Legitimate,Clean water access has improved in rural Kenya.
708,73,2023-01-30 11:00:00,30.0,,3.0,Legitimate,More East African homes now use filtration.
709,282,2023-01-30 12:00:00,28.0,4.0,,Legitimate,
710,249,2023-01-30 13:00:00,,14.0,3.0,Misinformation,Tap water linked to reduced IQ.
711,47,2023-01-30 14:00:00,30.0,0.0,3.0,Legitimate,East African communities adopt water filtration.
712,121,2023-01-30 15:00:00,26.0,14.0,3.0,Misinformation,"Sanitizer causes infertility, experts say."
713,214,2023-01-30 16:00:00,21.0,13.0,0.0,Misinformation,Experts debate the safety of boiling water.
714,239,2023-01-30 17:00:00,,15.0,4.0,Misinformation,Chlorinated water is a government mind control tactic.
715,56,2023-01-30 18:00:00,14.0,16.0,5.0,Misinformation,Vaccines in water are used to track people.
716,107,2023-01-30 19:00:00,10.0,13.0,1.0,Misinformation,Face masks cause water contamination when washed.
717,48,2023-01-30 20:00:00,23.0,2.0,-1.0,Legitimate,Rainwater harvesting gains popularity in Uganda.
718,61,2023-01-30 21:00:00,23.0,4.0,3.0,Legitimate,Sanitation drives are working in rural areas.
719,26,2023-01-30 22:00:00,24.0,6.0,0.0,Legitimate,Proper handwashing reduces cholera outbreaks.
720,292,2023-01-30 23:00:00,18.0,8.0,4.0,Misinformation,Face masks cause water contamination when washed.
721,257,2023-01-31 00:00:00,24.0,10.0,3.0,Misinformation,Vaccines in water are used to track people.
722,8,2023-01-31 01:00:00,29.0,17.0,2.0,Misinformation,Rainwater is safer than treated tap water.
723,113,2023-01-31 02:00:00,29.0,7.0,4.0,Legitimate,New WHO guidelines promote water boiling.
724,253,2023-01-31 03:00:00,20.0,4.0,3.0,Legitimate,East African communities adopt water filtration.
725,180,2023-01-31 04:00:00,23.0,6.0,1.0,Legitimate,Experts debate the safety of boiling water.
726,207,2023-01-31 05:00:00,,9.0,2.0,Legitimate,Public toilets improve hygiene in Kampala.
727,127,2023-01-31 06:00:00,30.0,7.0,3.0,Legitimate,Clean water access has improved in rural Kenya.
728,56,2023-01-31 07:00:00,35.0,4.0,5.0,Legitimate,More East African homes now use filtration.
729,214,2023-01-31 08:00:00,21.0,9.0,5.0,Misinformation,Vaccines in water are used to track people.
730,14,2023-01-31 09:00:00,29.0,7.0,2.0,Legitimate,
731,28,2023-01-31 10:00:00,20.0,6.0,1.0,Legitimate,Water kiosks now serve clean water in Nairobi.
732,78,2023-01-31 11:00:00,14.0,11.0,4.0,Misinformation,Tap water linked to reduced IQ.
733,216,2023-01-31 12:00:00,32.0,4.0,2.0,Legitimate,Local programs claim sanitation success.
734,154,2023-01-31 13:00:00,40.0,3.0,4.0,Legitimate,Rainwater harvesting gains popularity in Uganda.
735,14,2023-01-31 14:00:00,45.0,4.0,5.0,Legitimate,Public toilets improve hygiene in Kampala.
736,187,2023-01-31 15:00:00,23.0,,0.0,Legitimate,UNICEF supports safe water projects in Ethiopia.
737,7,2023-01-31 16:00:00,22.0,6.0,0.0,Legitimate,
738,3,2023-01-31 17:00:00,,5.0,5.0,Legitimate,Rainwater harvesting gains popularity in Uganda.
739,111,2023-01-31 18:00:00,31.0,6.0,,Legitimate,Local programs claim sanitation success.
740,238,2023-01-31 19:00:00,34.0,4.0,3.0,Legitimate,Studies show water quality impacts health.
741,239,2023-01-31 20:00:00,32.0,7.0,6.0,Legitimate,Clean water access has improved in rural Kenya.
742,274,2023-01-31 21:00:00,12.0,8.0,1.0,Misinformation,Drinking bottled water causes kidney failure.
743,294,2023-01-31 22:00:00,35.0,4.0,3.0,Legitimate,East African communities adopt water filtration.
744,227,2023-01-31 23:00:00,21.0,14.0,1.0,Misinformation,
745,15,2023-02-01 00:00:00,28.0,4.0,2.0,Legitimate,Sanitation drives are working in rural areas.
746,192,2023-02-01 01:00:00,25.0,5.0,9.0,Legitimate,East African communities adopt water filtration.
747,119,2023-02-01 02:00:00,22.0,12.0,6.0,Misinformation,Soap brands contain microchips for surveillance.
748,28,2023-02-01 03:00:00,31.0,-1.0,1.0,Legitimate,Studies show water quality impacts health.
749,202,2023-02-01 04:00:00,31.0,4.0,4.0,Legitimate,Studies show water quality impacts health.
750,39,2023-02-01 05:00:00,24.0,8.0,3.0,Legitimate,East African communities adopt water filtration.
751,273,2023-02-01 06:00:00,29.0,4.0,6.0,Legitimate,More East African homes now use filtration.
752,231,2023-02-01 07:00:00,16.0,10.0,1.0,Misinformation,Vaccines in water are used to track people.
753,86,2023-02-01 08:00:00,8.0,13.0,3.0,Misinformation,Boiling water damages your organs.
754,126,2023-02-01 09:00:00,32.0,5.0,3.0,Legitimate,
755,25,2023-02-01 10:00:00,36.0,8.0,2.0,Legitimate,Water kiosks now serve clean water in Nairobi.
756,145,2023-02-01 11:00:00,36.0,1.0,2.0,Legitimate,
757,13,2023-02-01 12:00:00,17.0,9.0,6.0,Misinformation,Soap brands contain microchips for surveillance.
758,212,2023-02-01 13:00:00,22.0,11.0,6.0,Misinformation,Studies show water quality impacts health.
759,25,2023-02-01 14:00:00,11.0,8.0,6.0,Misinformation,Chlorinated water is a government mind control tactic.
760,68,2023-02-01 15:00:00,32.0,7.0,5.0,Legitimate,NGOs distribute water purification tablets.
761,67,2023-02-01 16:00:00,18.0,13.0,1.0,Misinformation,Government hides real dangers of hand sanitizers.
762,233,2023-02-01 17:00:00,28.0,6.0,6.0,Legitimate,UNICEF supports safe water projects in Ethiopia.
763,109,2023-02-01 18:00:00,27.0,6.0,4.0,Legitimate,Local programs claim sanitation success.
764,146,2023-02-01 19:00:00,16.0,11.0,7.0,Misinformation,Government hides real dangers of hand sanitizers.
765,111,2023-02-01 20:00:00,33.0,8.0,-1.0,Legitimate,
766,228,2023-02-01 21:00:00,28.0,7.0,2.0,Misinformation,Rainwater is safer than treated tap water.
767,111,2023-02-01 22:00:00,31.0,5.0,4.0,Legitimate,More East African homes now use filtration.
768,34,2023-02-01 23:00:00,19.0,13.0,3.0,Misinformation,Natural spring water prevents COVID-19.
769,111,2023-02-02 00:00:00,31.0,11.0,4.0,Legitimate,Experts debate the safety of boiling water.
770,264,2023-02-02 01:00:00,32.0,6.0,2.0,Legitimate,Public toilets improve hygiene in Kampala.
771,236,2023-02-02 02:00:00,32.0,4.0,1.0,Legitimate,Studies show water quality impacts health.
772,83,2023-02-02 03:00:00,28.0,6.0,3.0,Legitimate,Local programs claim sanitation success.
773,42,2023-02-02 04:00:00,33.0,5.0,1.0,Legitimate,Clean water access has improved in rural Kenya.
774,101,2023-02-02 05:00:00,35.0,1.0,0.0,Legitimate,Mobile apps now report safe borehole locations.
775,6,2023-02-02 06:00:00,25.0,2.0,0.0,Legitimate,Public toilets improve hygiene in Kampala.
776,180,2023-02-02 07:00:00,29.0,6.0,2.0,Legitimate,New WHO guidelines promote water boiling.
777,282,2023-02-02 08:00:00,37.0,9.0,5.0,Legitimate,Water kiosks now serve clean water in Nairobi.
778,226,2023-02-02 09:00:00,33.0,5.0,0.0,Legitimate,Sanitation drives are working in rural areas.
779,229,2023-02-02 10:00:00,20.0,14.0,4.0,Misinformation,Tap water linked to reduced IQ.
780,289,2023-02-02 11:00:00,16.0,13.0,3.0,Misinformation,
781,150,2023-02-02 12:00:00,,4.0,1.0,Legitimate,Water kiosks now serve clean water in Nairobi.
782,277,2023-02-02 13:00:00,14.0,2.0,5.0,Legitimate,
783,198,2023-02-02 14:00:00,29.0,13.0,-1.0,Misinformation,Using soap daily can cause skin cancer.
784,70,2023-02-02 15:00:00,42.0,5.0,4.0,Legitimate,Mobile apps now report safe borehole locations.
785,112,2023-02-02 16:00:00,29.0,,1.0,Legitimate,More East African homes now use filtration.
786,4,2023-02-02 17:00:00,30.0,3.0,,Legitimate,Sanitation drives are working in rural areas.
787,95,2023-02-02 18:00:00,25.0,3.0,2.0,Legitimate,Proper handwashing reduces cholera outbreaks.
788,152,2023-02-02 19:00:00,32.0,4.0,3.0,Legitimate,Experts debate the safety of boiling water.
789,137,2023-02-02 20:00:00,35.0,5.0,2.0,Legitimate,Mobile apps now report safe borehole locations.
790,247,2023-02-02 21:00:00,32.0,4.0,5.0,Legitimate,Public toilets improve hygiene in Kampala.
791,243,2023-02-02 22:00:00,27.0,,-1.0,Legitimate,Solar disinfection of water proves effective.
792,31,2023-02-02 23:00:00,24.0,4.0,2.0,Legitimate,Solar disinfection of water proves effective.
793,40,2023-02-03 00:00:00,21.0,9.0,1.0,Legitimate,New WHO guidelines promote water boiling.
794,229,2023-02-03 01:00:00,28.0,1.0,8.0,Legitimate,Sanitation drives are working in rural areas.
795,36,2023-02-03 02:00:00,28.0,6.0,2.0,Legitimate,More East African homes now use filtration.
796,223,2023-02-03 03:00:00,24.0,12.0,0.0,Misinformation,Local programs claim sanitation success.
797,6,2023-02-03 04:00:00,23.0,4.0,3.0,Legitimate,Local programs claim sanitation success.
798,220,2023-02-03 05:00:00,28.0,5.0,3.0,Legitimate,New WHO guidelines promote water boiling.
799,75,2023-02-03 06:00:00,33.0,3.0,3.0,Legitimate,Mobile apps now report safe borehole locations.
800,4,2023-02-03 07:00:00,25.0,,4.0,Legitimate,Mobile apps now report safe borehole locations.
801,134,2023-02-03 08:00:00,31.0,2.0,4.0,Legitimate,NGOs distribute water purification tablets.
802,118,2023-02-03 09:00:00,40.0,9.0,2.0,Legitimate,UNICEF supports safe water projects in Ethiopia.
803,94,2023-02-03 10:00:00,14.0,12.0,1.0,Misinformation,Face masks cause water contamination when washed.
804,62,2023-02-03 11:00:00,22.0,6.0,1.0,Legitimate,Experts debate the safety of boiling water.
805,194,2023-02-03 12:00:00,19.0,13.0,5.0,Misinformation,Government hides real dangers of hand sanitizers.
806,203,2023-02-03 13:00:00,28.0,7.0,1.0,Legitimate,UNICEF supports safe water projects in Ethiopia.
807,26,2023-02-03 14:00:00,16.0,11.0,0.0,Misinformation,Experts debate the safety of boiling water.
808,173,2023-02-03 15:00:00,14.0,13.0,3.0,Misinformation,
809,133,2023-02-03 16:00:00,27.0,10.0,,Misinformation,Government hides real dangers of hand sanitizers.
810,118,2023-02-03 17:00:00,31.0,-1.0,,Legitimate,New WHO guidelines promote water boiling.
811,275,2023-02-03 18:00:00,36.0,0.0,,Legitimate,East African communities adopt water filtration.
812,212,2023-02-03 19:00:00,23.0,11.0,2.0,Misinformation,Face masks cause water contamination when washed.
813,225,2023-02-03 20:00:00,8.0,12.0,4.0,Misinformation,
814,20,2023-02-03 21:00:00,23.0,12.0,0.0,Misinformation,
815,113,2023-02-03 22:00:00,35.0,3.0,1.0,Legitimate,Public toilets improve hygiene in Kampala.
816,140,2023-02-03 23:00:00,32.0,10.0,3.0,Misinformation,Experts debate the safety of boiling water.
817,47,2023-02-04 00:00:00,28.0,2.0,-1.0,Legitimate,Water kiosks now serve clean water in Nairobi.
818,1,2023-02-04 01:00:00,25.0,7.0,-1.0,Legitimate,Public toilets improve hygiene in Kampala.
819,90,2023-02-04 02:00:00,33.0,7.0,2.0,Legitimate,Local programs claim sanitation success.
820,142,2023-02-04 03:00:00,34.0,5.0,3.0,Legitimate,More East African homes now use filtration.
821,38,2023-02-04 04:00:00,20.0,14.0,4.0,Misinformation,Drinking bottled water causes kidney failure.
822,293,2023-02-04 05:00:00,35.0,3.0,,Legitimate,Rainwater harvesting gains popularity in Uganda.
823,139,2023-02-04 06:00:00,36.0,6.0,6.0,Legitimate,Studies show water quality impacts health.
824,259,2023-02-04 07:00:00,42.0,9.0,4.0,Legitimate,Sanitation drives are working in rural areas.
825,161,2023-02-04 08:00:00,23.0,0.0,,Legitimate,Clean water access has improved in rural Kenya.
826,178,2023-02-04 09:00:00,25.0,0.0,3.0,Legitimate,Safe sanitation is key to public health.
827,10,2023-02-04 10:00:00,30.0,3.0,4.0,Legitimate,Proper handwashing reduces cholera outbreaks.
828,261,2023-02-04 11:00:00,36.0,5.0,1.0,Legitimate,NGOs distribute water purification tablets.
829,138,2023-02-04 12:00:00,18.0,12.0,3.0,Misinformation,Soap brands contain microchips for surveillance.
830,172,2023-02-04 13:00:00,21.0,9.0,3.0,Misinformation,Tap water linked to reduced IQ.
831,13,2023-02-04 14:00:00,27.0,4.0,4.0,Legitimate,Water kiosks now serve clean water in Nairobi.
832,168,2023-02-04 15:00:00,34.0,5.0,2.0,Legitimate,Water kiosks now serve clean water in Nairobi.
833,130,2023-02-04 16:00:00,26.0,4.0,1.0,Legitimate,Mobile apps now report safe borehole locations.
834,84,2023-02-04 17:00:00,14.0,10.0,2.0,Misinformation,Local programs claim sanitation success.
835,101,2023-02-04 18:00:00,,8.0,2.0,Legitimate,NGOs distribute water purification tablets.
836,273,2023-02-04 19:00:00,26.0,5.0,4.0,Legitimate,New WHO guidelines promote water boiling.
837,265,2023-02-04 20:00:00,22.0,10.0,4.0,Legitimate,New WHO guidelines promote water boiling.
838,38,2023-02-04 21:00:00,20.0,14.0,2.0,Misinformation,Rainwater is safer than treated tap water.
839,94,2023-02-04 22:00:00,24.0,5.0,7.0,Legitimate,Proper handwashing reduces cholera outbreaks.
840,95,2023-02-04 23:00:00,26.0,3.0,1.0,Legitimate,Rainwater harvesting gains popularity in Uganda.
841,69,2023-02-05 00:00:00,29.0,12.0,4.0,Misinformation,Studies show water quality impacts health.
842,236,2023-02-05 01:00:00,31.0,1.0,,Legitimate,Public toilets improve hygiene in Kampala.
843,137,2023-02-05 02:00:00,,15.0,4.0,Misinformation,Boiled water increases blood acidity.
844,76,2023-02-05 03:00:00,31.0,,4.0,Legitimate,Local programs claim sanitation success.
845,35,2023-02-05 04:00:00,20.0,12.0,1.0,Misinformation,
846,1,2023-02-05 05:00:00,31.0,4.0,5.0,Legitimate,Sanitation drives are working in rural areas.
847,296,2023-02-05 06:00:00,8.0,10.0,0.0,Misinformation,Western NGOs poison wells to reduce population.
848,60,2023-02-05 07:00:00,25.0,13.0,0.0,Legitimate,Local programs claim sanitation success.
849,267,2023-02-05 08:00:00,19.0,6.0,4.0,Misinformation,Drinking bottled water causes kidney failure.
850,229,2023-02-05 09:00:00,20.0,6.0,3.0,Legitimate,Water kiosks now serve clean water in Nairobi.
851,270,2023-02-05 10:00:00,38.0,0.0,,Legitimate,More East African homes now use filtration.
852,286,2023-02-05 11:00:00,25.0,14.0,1.0,Misinformation,Boiled water increases blood acidity.
853,291,2023-02-05 12:00:00,28.0,-2.0,4.0,Legitimate,New WHO guidelines promote water boiling.
854,213,2023-02-05 13:00:00,32.0,6.0,6.0,Legitimate,East African communities adopt water filtration.
855,165,2023-02-05 14:00:00,24.0,4.0,2.0,Legitimate,Experts debate the safety of boiling water.
856,5,2023-02-05 15:00:00,8.0,10.0,7.0,Misinformation,Rainwater is safer than treated tap water.
857,78,2023-02-05 16:00:00,20.0,2.0,3.0,Legitimate,New WHO guidelines promote water boiling.
858,62,2023-02-05 17:00:00,21.0,11.0,2.0,Misinformation,Chlorinated water is a government mind control tactic.
859,132,2023-02-05 18:00:00,31.0,3.0,4.0,Legitimate,More East African homes now use filtration.
860,89,2023-02-05 19:00:00,26.0,6.0,1.0,Legitimate,Local programs claim sanitation success.
861,237,2023-02-05 20:00:00,28.0,4.0,4.0,Legitimate,Safe sanitation is key to public health.
862,42,2023-02-05 21:00:00,30.0,5.0,2.0,Legitimate,NGOs distribute water purification tablets.
863,89,2023-02-05 22:00:00,30.0,3.0,0.0,Legitimate,Local programs claim sanitation success.
864,296,2023-02-05 23:00:00,26.0,6.0,1.0,Legitimate,New WHO guidelines promote water boiling.
865,295,2023-02-06 00:00:00,31.0,2.0,8.0,Legitimate,East African communities adopt water filtration.
866,104,2023-02-06 01:00:00,18.0,14.0,0.0,Misinformation,Drinking bottled water causes kidney failure.
867,14,2023-02-06 02:00:00,23.0,2.0,,Legitimate,Experts debate the safety of boiling water.
868,288,2023-02-06 03:00:00,,-1.0,6.0,Legitimate,Studies show water quality impacts health.
869,179,2023-02-06 04:00:00,22.0,7.0,2.0,Legitimate,
870,125,2023-02-06 05:00:00,35.0,,1.0,Legitimate,Safe sanitation is key to public health.
871,23,2023-02-06 06:00:00,39.0,0.0,-1.0,Legitimate,UNICEF supports safe water projects in Ethiopia.
872,63,2023-02-06 07:00:00,24.0,4.0,2.0,Legitimate,Studies show water quality impacts health.
873,143,2023-02-06 08:00:00,25.0,15.0,3.0,Misinformation,Boiled water increases blood acidity.
874,153,2023-02-06 09:00:00,30.0,9.0,2.0,Legitimate,NGOs distribute water purification tablets.
875,145,2023-02-06 10:00:00,26.0,,4.0,Legitimate,Solar disinfection of water proves effective.
876,225,2023-02-06 11:00:00,31.0,1.0,7.0,Legitimate,Local programs claim sanitation success.
877,104,2023-02-06 12:00:00,29.0,12.0,2.0,Legitimate,New WHO guidelines promote water boiling.
878,104,2023-02-06 13:00:00,42.0,6.0,,Legitimate,Sanitation drives are working in rural areas.
879,39,2023-02-06 14:00:00,27.0,2.0,7.0,Legitimate,Mobile apps now report safe borehole locations.
880,198,2023-02-06 15:00:00,36.0,6.0,5.0,Legitimate,Mobile apps now report safe borehole locations.
881,134,2023-02-06 16:00:00,27.0,8.0,3.0,Legitimate,Mobile apps now report safe borehole locations.
882,67,2023-02-06 17:00:00,21.0,15.0,3.0,Misinformation,Government hides real dangers of hand sanitizers.
883,179,2023-02-06 18:00:00,32.0,4.0,5.0,Legitimate,East African communities adopt water filtration.
884,42,2023-02-06 19:00:00,32.0,8.0,-1.0,Legitimate,More East African homes now use filtration.
885,15,2023-02-06 20:00:00,32.0,2.0,3.0,Legitimate,Mobile apps now report safe borehole locations.
886,111,2023-02-06 21:00:00,26.0,3.0,5.0,Legitimate,Clean water access has improved in rural Kenya.
887,157,2023-02-06 22:00:00,31.0,7.0,3.0,Legitimate,Rainwater harvesting gains popularity in Uganda.
888,289,2023-02-06 23:00:00,21.0,,1.0,Legitimate,Experts debate the safety of boiling water.
889,231,2023-02-07 00:00:00,15.0,17.0,1.0,Misinformation,Natural spring water prevents COVID-19.
890,157,2023-02-07 01:00:00,20.0,4.0,3.0,Legitimate,UNICEF supports safe water projects in Ethiopia.
891,38,2023-02-07 02:00:00,35.0,1.0,1.0,Legitimate,New WHO guidelines promote water boiling.
892,97,2023-02-07 03:00:00,33.0,1.0,3.0,Legitimate,Mobile apps now report safe borehole locations.
893,289,2023-02-07 04:00:00,36.0,1.0,4.0,Legitimate,New WHO guidelines promote water boiling.
894,254,2023-02-07 05:00:00,33.0,4.0,5.0,Legitimate,More East African homes now use filtration.
895,196,2023-02-07 06:00:00,29.0,6.0,0.0,Legitimate,NGOs distribute water purification tablets.
896,86,2023-02-07 07:00:00,28.0,6.0,,Legitimate,Local programs claim sanitation success.
897,10,2023-02-07 08:00:00,27.0,2.0,,Legitimate,More East African homes now use filtration.
898,5,2023-02-07 09:00:00,30.0,3.0,0.0,Legitimate,Rainwater harvesting gains popularity in Uganda.
899,123,2023-02-07 10:00:00,19.0,13.0,4.0,Misinformation,Government hides real dangers of hand sanitizers.
900,118,2023-02-07 11:00:00,22.0,-1.0,4.0,Legitimate,
901,294,2023-02-07 12:00:00,37.0,6.0,6.0,Legitimate,Sanitation drives are working in rural areas.
902,159,2023-02-07 13:00:00,25.0,10.0,1.0,Misinformation,Studies show water quality impacts health.
903,228,2023-02-07 14:00:00,21.0,15.0,2.0,Misinformation,Western NGOs poison wells to reduce population.
904,216,2023-02-07 15:00:00,22.0,13.0,4.0,Misinformation,Filtered water removes essential nutrients.
905,184,2023-02-07 16:00:00,33.0,5.0,4.0,Legitimate,Solar disinfection of water proves effective.
906,15,2023-02-07 17:00:00,29.0,12.0,1.0,Misinformation,Natural spring water prevents COVID-19.
907,157,2023-02-07 18:00:00,35.0,6.0,4.0,Legitimate,
908,136,2023-02-07 19:00:00,25.0,5.0,4.0,Legitimate,Public toilets improve hygiene in Kampala.
909,261,2023-02-07 20:00:00,29.0,0.0,5.0,Legitimate,Local programs claim sanitation success.
910,157,2023-02-07 21:00:00,6.0,11.0,2.0,Misinformation,Face masks cause water contamination when washed.
911,47,2023-02-07 22:00:00,36.0,3.0,10.0,Legitimate,Safe sanitation is key to public health.
912,173,2023-02-07 23:00:00,32.0,5.0,5.0,Legitimate,Clean water access has improved in rural Kenya.
913,130,2023-02-08 00:00:00,33.0,3.0,5.0,Legitimate,Clean water access has improved in rural Kenya.
914,95,2023-02-08 01:00:00,22.0,4.0,3.0,Legitimate,Mobile apps now report safe borehole locations.
915,115,2023-02-08 02:00:00,9.0,13.0,5.0,Misinformation,Government hides real dangers of hand sanitizers.
916,243,2023-02-08 03:00:00,,4.0,3.0,Legitimate,Proper handwashing reduces cholera outbreaks.
917,292,2023-02-08 04:00:00,38.0,2.0,2.0,Legitimate,Solar disinfection of water proves effective.
918,282,2023-02-08 05:00:00,14.0,13.0,3.0,Misinformation,Experts debate the safety of boiling water.
919,299,2023-02-08 06:00:00,26.0,2.0,4.0,Legitimate,
920,283,2023-02-08 07:00:00,25.0,8.0,0.0,Legitimate,Sanitation drives are working in rural areas.
921,69,2023-02-08 08:00:00,14.0,9.0,3.0,Misinformation,Tap water linked to reduced IQ.
922,148,2023-02-08 09:00:00,34.0,11.0,3.0,Misinformation,Rainwater is safer than treated tap water.
923,11,2023-02-08 10:00:00,19.0,10.0,0.0,Misinformation,Drinking bottled water causes kidney failure.
924,254,2023-02-08 11:00:00,21.0,3.0,3.0,Legitimate,NGOs distribute water purification tablets.
925,38,2023-02-08 12:00:00,28.0,4.0,4.0,Legitimate,More East African homes now use filtration.
926,134,2023-02-08 13:00:00,32.0,5.0,5.0,Legitimate,Sanitation drives are working in rural areas.
927,200,2023-02-08 14:00:00,27.0,4.0,4.0,Legitimate,NGOs distribute water purification tablets.
928,23,2023-02-08 15:00:00,27.0,0.0,-1.0,Legitimate,Studies show water quality impacts health.
929,218,2023-02-08 16:00:00,20.0,2.0,0.0,Legitimate,Clean water access has improved in rural Kenya.
930,141,2023-02-08 17:00:00,11.0,15.0,0.0,Misinformation,Vaccines in water are used to track people.
931,104,2023-02-08 18:00:00,,4.0,5.0,Legitimate,Studies show water quality impacts health.
932,210,2023-02-08 19:00:00,28.0,-2.0,1.0,Legitimate,Safe sanitation is key to public health.
933,111,2023-02-08 20:00:00,31.0,3.0,4.0,Legitimate,Rainwater harvesting gains popularity in Uganda.
934,104,2023-02-08 21:00:00,17.0,4.0,0.0,Legitimate,Sanitation drives are working in rural areas.
935,171,2023-02-08 22:00:00,,14.0,4.0,Misinformation,Natural spring water prevents COVID-19.
936,133,2023-02-08 23:00:00,25.0,2.0,2.0,Legitimate,Rainwater harvesting gains popularity in Uganda.
937,293,2023-02-09 00:00:00,25.0,2.0,3.0,Legitimate,
938,127,2023-02-09 01:00:00,22.0,12.0,5.0,Legitimate,Clean water access has improved in rural Kenya.
939,106,2023-02-09 02:00:00,24.0,6.0,4.0,Legitimate,Water kiosks now serve clean water in Nairobi.
940,92,2023-02-09 03:00:00,28.0,3.0,11.0,Legitimate,East African communities adopt water filtration.
941,287,2023-02-09 04:00:00,16.0,13.0,3.0,Misinformation,Using soap daily can cause skin cancer.
942,51,2023-02-09 05:00:00,28.0,,-1.0,Legitimate,Sanitation drives are working in rural areas.
943,29,2023-02-09 06:00:00,35.0,7.0,2.0,Legitimate,Experts debate the safety of boiling water.
944,296,2023-02-09 07:00:00,25.0,6.0,4.0,Legitimate,More East African homes now use filtration.
945,297,2023-02-09 08:00:00,21.0,14.0,1.0,Misinformation,Drinking bottled water causes kidney failure.
946,214,2023-02-09 09:00:00,24.0,7.0,2.0,Misinformation,Soap brands contain microchips for surveillance.
947,267,2023-02-09 10:00:00,35.0,2.0,7.0,Legitimate,Mobile apps now report safe borehole locations.
948,257,2023-02-09 11:00:00,27.0,1.0,4.0,Legitimate,Water kiosks now serve clean water in Nairobi.
949,101,2023-02-09 12:00:00,23.0,15.0,9.0,Misinformation,Drinking bottled water causes kidney failure.
950,110,2023-02-09 13:00:00,14.0,9.0,2.0,Misinformation,Filtered water removes essential nutrients.
951,182,2023-02-09 14:00:00,17.0,15.0,5.0,Misinformation,Using soap daily can cause skin cancer.
952,1,2023-02-09 15:00:00,22.0,11.0,4.0,Misinformation,Filtered water removes essential nutrients.
953,55,2023-02-09 16:00:00,38.0,9.0,2.0,Legitimate,Rainwater harvesting gains popularity in Uganda.
954,149,2023-02-09 17:00:00,,2.0,7.0,Legitimate,NGOs distribute water purification tablets.
955,137,2023-02-09 18:00:00,21.0,10.0,2.0,Misinformation,Using soap daily can cause skin cancer.
956,202,2023-02-09 19:00:00,12.0,8.0,5.0,Misinformation,Soap brands contain microchips for surveillance.
957,117,2023-02-09 20:00:00,35.0,0.0,4.0,Legitimate,Public toilets improve hygiene in Kampala.
958,154,2023-02-09 21:00:00,30.0,8.0,5.0,Legitimate,Safe sanitation is key to public health.
959,291,2023-02-09 22:00:00,13.0,15.0,2.0,Misinformation,Boiled water increases blood acidity.
960,63,2023-02-09 23:00:00,30.0,4.0,3.0,Legitimate,Solar disinfection of water proves effective.
961,244,2023-02-10 00:00:00,15.0,,3.0,Misinformation,Tap water linked to reduced IQ.
962,25,2023-02-10 01:00:00,31.0,,0.0,Legitimate,NGOs distribute water purification tablets.
963,90,2023-02-10 02:00:00,34.0,8.0,5.0,Legitimate,Local programs claim sanitation success.
964,75,2023-02-10 03:00:00,24.0,8.0,5.0,Legitimate,Water kiosks now serve clean water in Nairobi.
965,294,2023-02-10 04:00:00,44.0,8.0,2.0,Legitimate,Sanitation drives are working in rural areas.
966,210,2023-02-10 05:00:00,29.0,8.0,1.0,Legitimate,Safe sanitation is key to public health.
967,17,2023-02-10 06:00:00,23.0,4.0,1.0,Legitimate,Safe sanitation is key to public health.
968,128,2023-02-10 07:00:00,23.0,9.0,3.0,Misinformation,Chlorinated water is a government mind control tactic.
969,251,2023-02-10 08:00:00,16.0,10.0,2.0,Misinformation,Rainwater is safer than treated tap water.
970,179,2023-02-10 09:00:00,28.0,7.0,4.0,Legitimate,Rainwater harvesting gains popularity in Uganda.
971,182,2023-02-10 10:00:00,25.0,4.0,-1.0,Legitimate,
972,152,2023-02-10 11:00:00,32.0,13.0,3.0,Legitimate,Sanitation drives are working in rural areas.
973,25,2023-02-10 12:00:00,36.0,6.0,5.0,Legitimate,East African communities adopt water filtration.
974,180,2023-02-10 13:00:00,27.0,5.0,-1.0,Legitimate,
975,198,2023-02-10 14:00:00,26.0,5.0,2.0,Legitimate,New WHO guidelines promote water boiling.
976,161,2023-02-10 15:00:00,29.0,2.0,3.0,Legitimate,Sanitation drives are working in rural areas.
977,177,2023-02-10 16:00:00,32.0,8.0,1.0,Legitimate,Proper handwashing reduces cholera outbreaks.
978,285,2023-02-10 17:00:00,32.0,7.0,0.0,Legitimate,NGOs distribute water purification tablets.
979,63,2023-02-10 18:00:00,24.0,8.0,0.0,Misinformation,Experts debate the safety of boiling water.
980,150,2023-02-10 19:00:00,34.0,5.0,5.0,Legitimate,Local programs claim sanitation success.
981,154,2023-02-10 20:00:00,12.0,8.0,4.0,Misinformation,Chlorinated water is a government mind control tactic.
982,156,2023-02-10 21:00:00,26.0,11.0,2.0,Misinformation,Experts debate the safety of boiling water.
983,49,2023-02-10 22:00:00,,9.0,2.0,Misinformation,"Sanitizer causes infertility, experts say."
984,84,2023-02-10 23:00:00,,16.0,2.0,Misinformation,"Sanitizer causes infertility, experts say."
985,177,2023-02-11 00:00:00,34.0,10.0,7.0,Legitimate,Experts debate the safety of boiling water.
986,148,2023-02-11 01:00:00,28.0,4.0,1.0,Legitimate,Solar disinfection of water proves effective.
987,118,2023-02-11 02:00:00,34.0,0.0,3.0,Legitimate,New WHO guidelines promote water boiling.
988,63,2023-02-11 03:00:00,,11.0,1.0,Misinformation,Vaccines in water are used to track people.
989,189,2023-02-11 04:00:00,17.0,13.0,7.0,Misinformation,Studies show water quality impacts health.
990,49,2023-02-11 05:00:00,12.0,10.0,5.0,Misinformation,Boiling water damages your organs.
991,257,2023-02-11 06:00:00,24.0,3.0,3.0,Legitimate,Mobile apps now report safe borehole locations.
992,224,2023-02-11 07:00:00,13.0,14.0,6.0,Misinformation,Boiled water increases blood acidity.
993,141,2023-02-11 08:00:00,33.0,2.0,7.0,Legitimate,East African communities adopt water filtration.
994,215,2023-02-11 09:00:00,20.0,2.0,3.0,Legitimate,Water kiosks now serve clean water in Nairobi.
995,211,2023-02-11 10:00:00,25.0,15.0,3.0,Misinformation,Boiling water damages your organs.
996,32,2023-02-11 11:00:00,30.0,5.0,3.0,Legitimate,Water kiosks now serve clean water in Nairobi.
997,158,2023-02-11 12:00:00,27.0,12.0,4.0,Misinformation,"Sanitizer causes infertility, experts say."
998,285,2023-02-11 13:00:00,30.0,1.0,-1.0,Legitimate,
999,286,2023-02-11 14:00:00,33.0,14.0,6.0,Misinformation,Vaccines in water are used to track people.
1000,144,2023-02-11 15:00:00,30.0,8.0,,Legitimate,Proper handwashing reduces cholera outbreaks.
